<?xml version="1.0" encoding="UTF-8"?>

<!DOCTYPE ejb-jar PUBLIC "-//Sun Microsystems, Inc.//DTD Enterprise JavaBeans 1.1//EN"
      "http://java.sun.com/j2ee/dtds/ejb-jar_1_1.dtd">

<ejb-jar>
    <enterprise-beans>
      <session>
          <ejb-name>/local/CreditAgency</ejb-name>
          <home>org.mule.samples.loanbroker.esb.ca.CreditAgencyHome</home>
          <remote>org.mule.samples.loanbroker.esb.ca.CreditAgency</remote>
          <ejb-class>org.mule.samples.loanbroker.esb.ca.CreditAgencyBean</ejb-class>
          <session-type>Stateless</session-type>
          <transaction-type>Bean</transaction-type>
      </session>
    </enterprise-beans>
</ejb-jar>