<?xml version="1.0" encoding="UTF-8"?>

<!DOCTYPE mule-configuration PUBLIC "-//MuleSource //DTD mule-configuration XML V1.0//EN"
                                "http://mule.mulesource.org/dtds/mule-configuration.dtd">

<mule-configuration id="ScriptingExample" version="1.0">
    <description>This example demonstrates invoking a Groovy script as the service component.</description>

    <model name="main">
        <mule-descriptor name="ScriptService" implementation="org.mule.components.script.jsr223.ScriptComponent">
            <inbound-router>
                <endpoint address="stream://System.in">
			        <properties>
			            <property name="promptMessage" value="Please enter a message: "/>
			            <property name="messageDelayTime" value="1000"/>
			        </properties>
			    </endpoint>
            </inbound-router>
            <properties>
                <property name="scriptEngineName" value="groovy"/>
                <text-property name="scriptText">
                     def msg = eventContext.transformedMessageAsString
                     log.boilerPlate("Message Received: ${msg} - class: ${msg.class.name}")
                     return ["Hello", ":-)"];
                </text-property>
            </properties>
        </mule-descriptor>
    </model>
</mule-configuration>
