<?xml version="1.0" encoding="UTF-8"?>

<!DOCTYPE mule-configuration PUBLIC "-//MuleSource //DTD mule-configuration XML V1.0//EN"
                                "http://mule.mulesource.org/dtds/mule-configuration.dtd">

<mule-configuration id="Mule_Dot_Net_Stock_Quote_Sample_using_REST" version="1.0">

    <description>
    The StockQuote REST example uses the Mule RestServiceWrapper to invoke a remote .Net service
    Using REST style invocation and displays the result.
    The example invokes a StockQuote Web Service on www.webservicesx.com, the result is an Xml string that
    Mule converts to a StockQuote object by first running the result through an Xslt transformer and then
    using the XmlToObject transformer.
    </description>

    <mule-environment-properties synchronous="true"/>

    <connector name="SystemStreamConnector" className="org.mule.providers.stream.SystemStreamConnector">
        <properties>
            <property name="promptMessage" value="Please enter a stock symbol: "/>
            <property name="messageDelayTime" value="1000"/>
        </properties>
    </connector>

    <connector name="HttpConnector" className="org.mule.providers.http.HttpConnector">
        <properties>
            <file-properties location="proxy.properties" />
        </properties>
    </connector>

    <transformers>
        <transformer name="XmlToObject" className="org.mule.transformers.xml.XmlToObject"/>
        <transformer name="XmlDecoder" className="org.mule.transformers.codec.XmlEntityDecoder"/>
        <transformer name="Xslt" className="org.mule.transformers.xml.XsltTransformer">
            <properties>
                <property name="xslFile" value="xsl/rest-stock.xsl"/>
            </properties>
        </transformer>
    </transformers>
    <!--
        The Mule model initialises and manages your UMO components
    -->
    <model name="httpSample">
        <!--
            A Mule descriptor defines all the necessary information about
how your components will
            interact with the framework, other components in the system and
external sources.
            Please refer to the Configuration Guide for a full description
of all the parameters.
        -->
<mule-descriptor name="HTTPPostSample"
    implementation="org.mule.components.rest.RestServiceWrapper">
    <inbound-router>
        <endpoint address="stream://System.in"/>
    </inbound-router>
    <outbound-router>
        <router className="org.mule.routing.outbound.FilteringOutboundRouter">
            <endpoint address="stream://System.out" transformers="XmlDecoder Xslt XmlToObject"/>
        </router>
    </outbound-router>
    <properties>
        <property name="serviceUrl" value="http://www.webservicex.net/stockquote.asmx/GetQuote"/>
        <property name="payloadParameterName" value="symbol"/>
        <property name="httpMethod" value="POST"/>
    </properties>
</mule-descriptor>

    </model>
</mule-configuration>
