<?xml version="1.0" encoding="UTF-8"?>

<!DOCTYPE mule-configuration PUBLIC "-//MuleSource //DTD mule-configuration XML V1.0//EN"
                                "http://mule.mulesource.org/dtds/mule-configuration.dtd">

<mule-configuration id="Mule_Dot_Net_Stock_Quote_Sample_using_WSDL_XFire" version="1.0">
    <description>
    The StockQuote SOAP example uses the Mule RestServiceWrapper to invoke a remote .Net service
    Using SOAP RPC style invocation and displays the result.
    The example demostrates how to set named parameters for Web Service invocations and how to invoke a
    non-java web service using Mule.

    The example invokes a StockQuote Web Service on www.webservicesx.com, the result is an Xml string that
    Mule converts to a StockQuote object by first running the result through an Xslt transformer and then
    using the XmlToObject transformer.
    </description>

    <mule-environment-properties synchronous="true"/>

    <connector name="SystemStreamConnector" className="org.mule.providers.stream.SystemStreamConnector">
        <properties>
            <property name="promptMessage" value="Please enter a stock symbol: "/>
            <property name="messageDelayTime" value="1000"/>
        </properties>
    </connector>

    <connector name="HttpConnector" className="org.mule.providers.http.HttpConnector">
        <properties>
            <file-properties location="proxy.properties" />
        </properties>
    </connector>

    <transformers>
        <transformer name="XmlToObject" className="org.mule.transformers.xml.XmlToObject"/>
        <transformer name="XmlDecoder" className="org.mule.transformers.codec.XmlEntityDecoder"/>
        <transformer name="Xslt" className="org.mule.transformers.xml.XsltTransformer">
            <properties>
                <property name="xslFile" value="xsl/soap-stock.xsl"/>
            </properties>
        </transformer>
    </transformers>
    <!--
        The Mule model initialises and manages your UMO components
    -->
    <model name="soapDotNetSample">
        <!--
            This component can proxy external web service calls over Jms, tcp, ssl or any other transport.
            For this example we use Vm.
        -->
        <mule-descriptor name="serviceProxy" implementation="org.mule.components.simple.BridgeComponent">
            <inbound-router>
                <endpoint address="stream://System.in"/>
            </inbound-router>
            <outbound-router>
                <!-- we use a chaining transformer to send the results of one endpoint execution as the input
                for the next endpoint.  In this case it writes it out to System.out -->
                <router className="org.mule.routing.outbound.ChainingRouter">
                    <endpoint address="wsdl:http://www.webservicex.net/stockquote.asmx?WSDL&amp;method=GetQuote"/>
                    <endpoint address="stream://System.out" transformers="XmlDecoder Xslt XmlToObject"/>
                </router>
            </outbound-router>
        </mule-descriptor>

    </model>
</mule-configuration>
