<?xml version="1.0" encoding="UTF-8"?>

<!DOCTYPE mule-configuration PUBLIC "-//MuleSource //DTD mule-configuration XML V1.0//EN"
                                "http://mule.mulesource.org/dtds/mule-configuration.dtd">

<mule-configuration id="Samples" version="1.0">

    <global-endpoints>
        <endpoint name="restFileEndpoint" address="file://./.mule/restFile"/>
    </global-endpoints>

    <mule-descriptor name="RestTesterUMO"
        inboundEndpoint="servlet://restPUTTest"
        outboundEndpoint="restFileEndpoint" 
        implementation="org.mule.samples.rest.RestTester">
        <properties>
            <property name="prefix" value="Received: "/>
        </properties>
    </mule-descriptor>
</mule-configuration>
