create table Account_ (
	accountId int8 not null primary key,
	companyId int8,
	userId int8,
	userName varchar(75),
	createDate datetime YEAR TO FRACTION,
	modifiedDate datetime YEAR TO FRACTION,
	parentAccountId int8,
	name varchar(75),
	legalName varchar(75),
	legalId varchar(75),
	legalType varchar(75),
	sicCode varchar(75),
	tickerSymbol varchar(75),
	industry varchar(75),
	type_ varchar(75),
	size_ varchar(75)
)
extent size 16 next size 16
lock mode row;

create table Address (
	addressId int8 not null primary key,
	companyId int8,
	userId int8,
	userName varchar(75),
	createDate datetime YEAR TO FRACTION,
	modifiedDate datetime YEAR TO FRACTION,
	classNameId int8,
	classPK int8,
	street1 varchar(75),
	street2 varchar(75),
	street3 varchar(75),
	city varchar(75),
	zip varchar(75),
	regionId int8,
	countryId int8,
	typeId int,
	mailing boolean,
	primary_ boolean
)
extent size 16 next size 16
lock mode row;

create table AnnouncementsDelivery (
	deliveryId int8 not null primary key,
	companyId int8,
	userId int8,
	type_ varchar(75),
	email boolean,
	sms boolean,
	website boolean
)
extent size 16 next size 16
lock mode row;

create table AnnouncementsEntry (
	uuid_ varchar(75),
	entryId int8 not null primary key,
	companyId int8,
	userId int8,
	userName varchar(75),
	createDate datetime YEAR TO FRACTION,
	modifiedDate datetime YEAR TO FRACTION,
	classNameId int8,
	classPK int8,
	title varchar(75),
	content lvarchar,
	url lvarchar,
	type_ varchar(75),
	displayDate datetime YEAR TO FRACTION,
	expirationDate datetime YEAR TO FRACTION,
	priority int,
	alert boolean
)
extent size 16 next size 16
lock mode row;

create table AnnouncementsFlag (
	flagId int8 not null primary key,
	userId int8,
	createDate datetime YEAR TO FRACTION,
	entryId int8,
	value int
)
extent size 16 next size 16
lock mode row;

create table BlogsEntry (
	uuid_ varchar(75),
	entryId int8 not null primary key,
	groupId int8,
	companyId int8,
	userId int8,
	userName varchar(75),
	createDate datetime YEAR TO FRACTION,
	modifiedDate datetime YEAR TO FRACTION,
	title varchar(150),
	urlTitle varchar(150),
	content text,
	displayDate datetime YEAR TO FRACTION,
	draft boolean,
	allowTrackbacks boolean,
	trackbacks text
)
extent size 16 next size 16
lock mode row;

create table BlogsStatsUser (
	statsUserId int8 not null primary key,
	groupId int8,
	companyId int8,
	userId int8,
	entryCount int,
	lastPostDate datetime YEAR TO FRACTION,
	ratingsTotalEntries int,
	ratingsTotalScore float,
	ratingsAverageScore float
)
extent size 16 next size 16
lock mode row;

create table BookmarksEntry (
	uuid_ varchar(75),
	entryId int8 not null primary key,
	groupId int8,
	companyId int8,
	userId int8,
	createDate datetime YEAR TO FRACTION,
	modifiedDate datetime YEAR TO FRACTION,
	folderId int8,
	name varchar(255),
	url lvarchar,
	comments lvarchar,
	visits int,
	priority int
)
extent size 16 next size 16
lock mode row;

create table BookmarksFolder (
	uuid_ varchar(75),
	folderId int8 not null primary key,
	groupId int8,
	companyId int8,
	userId int8,
	createDate datetime YEAR TO FRACTION,
	modifiedDate datetime YEAR TO FRACTION,
	parentFolderId int8,
	name varchar(75),
	description lvarchar
)
extent size 16 next size 16
lock mode row;

create table BrowserTracker (
	browserTrackerId int8 not null primary key,
	userId int8,
	browserKey int8
)
extent size 16 next size 16
lock mode row;

create table CalEvent (
	uuid_ varchar(75),
	eventId int8 not null primary key,
	groupId int8,
	companyId int8,
	userId int8,
	userName varchar(75),
	createDate datetime YEAR TO FRACTION,
	modifiedDate datetime YEAR TO FRACTION,
	title varchar(75),
	description lvarchar,
	startDate datetime YEAR TO FRACTION,
	endDate datetime YEAR TO FRACTION,
	durationHour int,
	durationMinute int,
	allDay boolean,
	timeZoneSensitive boolean,
	type_ varchar(75),
	repeating boolean,
	recurrence text,
	remindBy int,
	firstReminder int,
	secondReminder int
)
extent size 16 next size 16
lock mode row;

create table ClassName_ (
	classNameId int8 not null primary key,
	value varchar(200)
)
extent size 16 next size 16
lock mode row;

create table Company (
	companyId int8 not null primary key,
	accountId int8,
	webId varchar(75),
	key_ text,
	virtualHost varchar(75),
	mx varchar(75),
	homeURL lvarchar,
	logoId int8,
	system boolean
)
extent size 16 next size 16
lock mode row;

create table Contact_ (
	contactId int8 not null primary key,
	companyId int8,
	userId int8,
	userName varchar(75),
	createDate datetime YEAR TO FRACTION,
	modifiedDate datetime YEAR TO FRACTION,
	accountId int8,
	parentContactId int8,
	firstName varchar(75),
	middleName varchar(75),
	lastName varchar(75),
	prefixId int,
	suffixId int,
	male boolean,
	birthday datetime YEAR TO FRACTION,
	smsSn varchar(75),
	aimSn varchar(75),
	facebookSn varchar(75),
	icqSn varchar(75),
	jabberSn varchar(75),
	msnSn varchar(75),
	mySpaceSn varchar(75),
	skypeSn varchar(75),
	twitterSn varchar(75),
	ymSn varchar(75),
	employeeStatusId varchar(75),
	employeeNumber varchar(75),
	jobTitle varchar(100),
	jobClass varchar(75),
	hoursOfOperation varchar(75)
)
extent size 16 next size 16
lock mode row;

create table Counter (
	name varchar(75) not null primary key,
	currentId int8
)
extent size 16 next size 16
lock mode row;

create table Country (
	countryId int8 not null primary key,
	name varchar(75),
	a2 varchar(75),
	a3 varchar(75),
	number_ varchar(75),
	idd_ varchar(75),
	active_ boolean
)
extent size 16 next size 16
lock mode row;

create table CyrusUser (
	userId varchar(75) not null primary key,
	password_ varchar(75) not null
)
extent size 16 next size 16
lock mode row;

create table CyrusVirtual (
	emailAddress varchar(75) not null primary key,
	userId varchar(75) not null
)
extent size 16 next size 16
lock mode row;

create table DLFileEntry (
	uuid_ varchar(75),
	fileEntryId int8 not null primary key,
	groupId int8,
	companyId int8,
	userId int8,
	userName varchar(75),
	versionUserId int8,
	versionUserName varchar(75),
	createDate datetime YEAR TO FRACTION,
	modifiedDate datetime YEAR TO FRACTION,
	folderId int8,
	name varchar(255),
	title varchar(255),
	description lvarchar,
	version float,
	size_ int,
	readCount int,
	extraSettings text
)
extent size 16 next size 16
lock mode row;

create table DLFileRank (
	fileRankId int8 not null primary key,
	groupId int8,
	companyId int8,
	userId int8,
	createDate datetime YEAR TO FRACTION,
	folderId int8,
	name varchar(255)
)
extent size 16 next size 16
lock mode row;

create table DLFileShortcut (
	uuid_ varchar(75),
	fileShortcutId int8 not null primary key,
	groupId int8,
	companyId int8,
	userId int8,
	userName varchar(75),
	createDate datetime YEAR TO FRACTION,
	modifiedDate datetime YEAR TO FRACTION,
	folderId int8,
	toFolderId int8,
	toName varchar(255)
)
extent size 16 next size 16
lock mode row;

create table DLFileVersion (
	fileVersionId int8 not null primary key,
	groupId int8,
	companyId int8,
	userId int8,
	userName varchar(75),
	createDate datetime YEAR TO FRACTION,
	folderId int8,
	name varchar(255),
	version float,
	size_ int
)
extent size 16 next size 16
lock mode row;

create table DLFolder (
	uuid_ varchar(75),
	folderId int8 not null primary key,
	groupId int8,
	companyId int8,
	userId int8,
	userName varchar(75),
	createDate datetime YEAR TO FRACTION,
	modifiedDate datetime YEAR TO FRACTION,
	parentFolderId int8,
	name varchar(100),
	description lvarchar,
	lastPostDate datetime YEAR TO FRACTION
)
extent size 16 next size 16
lock mode row;

create table EmailAddress (
	emailAddressId int8 not null primary key,
	companyId int8,
	userId int8,
	userName varchar(75),
	createDate datetime YEAR TO FRACTION,
	modifiedDate datetime YEAR TO FRACTION,
	classNameId int8,
	classPK int8,
	address varchar(75),
	typeId int,
	primary_ boolean
)
extent size 16 next size 16
lock mode row;

create table ExpandoColumn (
	columnId int8 not null primary key,
	companyId int8,
	tableId int8,
	name varchar(75),
	type_ int,
	defaultData lvarchar,
	typeSettings lvarchar(4096)
)
extent size 16 next size 16
lock mode row;

create table ExpandoRow (
	rowId_ int8 not null primary key,
	companyId int8,
	tableId int8,
	classPK int8
)
extent size 16 next size 16
lock mode row;

create table ExpandoTable (
	tableId int8 not null primary key,
	companyId int8,
	classNameId int8,
	name varchar(75)
)
extent size 16 next size 16
lock mode row;

create table ExpandoValue (
	valueId int8 not null primary key,
	companyId int8,
	tableId int8,
	columnId int8,
	rowId_ int8,
	classNameId int8,
	classPK int8,
	data_ lvarchar
)
extent size 16 next size 16
lock mode row;

create table Group_ (
	groupId int8 not null primary key,
	companyId int8,
	creatorUserId int8,
	classNameId int8,
	classPK int8,
	parentGroupId int8,
	liveGroupId int8,
	name varchar(75),
	description lvarchar,
	type_ int,
	typeSettings lvarchar,
	friendlyURL varchar(100),
	active_ boolean
)
extent size 16 next size 16
lock mode row;

create table Groups_Orgs (
	groupId int8 not null,
	organizationId int8 not null,
	primary key (groupId, organizationId)
)
extent size 16 next size 16
lock mode row;

create table Groups_Permissions (
	groupId int8 not null,
	permissionId int8 not null,
	primary key (groupId, permissionId)
)
extent size 16 next size 16
lock mode row;

create table Groups_Roles (
	groupId int8 not null,
	roleId int8 not null,
	primary key (groupId, roleId)
)
extent size 16 next size 16
lock mode row;

create table Groups_UserGroups (
	groupId int8 not null,
	userGroupId int8 not null,
	primary key (groupId, userGroupId)
)
extent size 16 next size 16
lock mode row;

create table IGFolder (
	uuid_ varchar(75),
	folderId int8 not null primary key,
	groupId int8,
	companyId int8,
	userId int8,
	createDate datetime YEAR TO FRACTION,
	modifiedDate datetime YEAR TO FRACTION,
	parentFolderId int8,
	name varchar(75),
	description lvarchar
)
extent size 16 next size 16
lock mode row;

create table IGImage (
	uuid_ varchar(75),
	imageId int8 not null primary key,
	groupId int8,
	companyId int8,
	userId int8,
	createDate datetime YEAR TO FRACTION,
	modifiedDate datetime YEAR TO FRACTION,
	folderId int8,
	name varchar(75),
	description lvarchar,
	smallImageId int8,
	largeImageId int8,
	custom1ImageId int8,
	custom2ImageId int8
)
extent size 16 next size 16
lock mode row;

create table Image (
	imageId int8 not null primary key,
	modifiedDate datetime YEAR TO FRACTION,
	text_ text,
	type_ varchar(75),
	height int,
	width int,
	size_ int
)
extent size 16 next size 16
lock mode row;

create table JournalArticle (
	uuid_ varchar(75),
	id_ int8 not null primary key,
	resourcePrimKey int8,
	groupId int8,
	companyId int8,
	userId int8,
	userName varchar(75),
	createDate datetime YEAR TO FRACTION,
	modifiedDate datetime YEAR TO FRACTION,
	articleId varchar(75),
	version float,
	title varchar(100),
	urlTitle varchar(150),
	description lvarchar,
	content text,
	type_ varchar(75),
	structureId varchar(75),
	templateId varchar(75),
	displayDate datetime YEAR TO FRACTION,
	approved boolean,
	approvedByUserId int8,
	approvedByUserName varchar(75),
	approvedDate datetime YEAR TO FRACTION,
	expired boolean,
	expirationDate datetime YEAR TO FRACTION,
	reviewDate datetime YEAR TO FRACTION,
	indexable boolean,
	smallImage boolean,
	smallImageId int8,
	smallImageURL varchar(75)
)
extent size 16 next size 16
lock mode row;

create table JournalArticleImage (
	articleImageId int8 not null primary key,
	groupId int8,
	articleId varchar(75),
	version float,
	elInstanceId varchar(75),
	elName varchar(75),
	languageId varchar(75),
	tempImage boolean
)
extent size 16 next size 16
lock mode row;

create table JournalArticleResource (
	resourcePrimKey int8 not null primary key,
	groupId int8,
	articleId varchar(75)
)
extent size 16 next size 16
lock mode row;

create table JournalContentSearch (
	contentSearchId int8 not null primary key,
	groupId int8,
	companyId int8,
	privateLayout boolean,
	layoutId int8,
	portletId varchar(200),
	articleId varchar(75)
)
extent size 16 next size 16
lock mode row;

create table JournalFeed (
	uuid_ varchar(75),
	id_ int8 not null primary key,
	groupId int8,
	companyId int8,
	userId int8,
	userName varchar(75),
	createDate datetime YEAR TO FRACTION,
	modifiedDate datetime YEAR TO FRACTION,
	feedId varchar(75),
	name varchar(75),
	description lvarchar,
	type_ varchar(75),
	structureId varchar(75),
	templateId varchar(75),
	rendererTemplateId varchar(75),
	delta int,
	orderByCol varchar(75),
	orderByType varchar(75),
	targetLayoutFriendlyUrl varchar(75),
	targetPortletId varchar(75),
	contentField varchar(75),
	feedType varchar(75),
	feedVersion float
)
extent size 16 next size 16
lock mode row;

create table JournalStructure (
	uuid_ varchar(75),
	id_ int8 not null primary key,
	groupId int8,
	companyId int8,
	userId int8,
	userName varchar(75),
	createDate datetime YEAR TO FRACTION,
	modifiedDate datetime YEAR TO FRACTION,
	structureId varchar(75),
	parentStructureId varchar(75),
	name varchar(75),
	description lvarchar,
	xsd text
)
extent size 16 next size 16
lock mode row;

create table JournalTemplate (
	uuid_ varchar(75),
	id_ int8 not null primary key,
	groupId int8,
	companyId int8,
	userId int8,
	userName varchar(75),
	createDate datetime YEAR TO FRACTION,
	modifiedDate datetime YEAR TO FRACTION,
	templateId varchar(75),
	structureId varchar(75),
	name varchar(75),
	description lvarchar,
	xsl text,
	langType varchar(75),
	cacheable boolean,
	smallImage boolean,
	smallImageId int8,
	smallImageURL varchar(75)
)
extent size 16 next size 16
lock mode row;

create table Layout (
	plid int8 not null primary key,
	groupId int8,
	companyId int8,
	privateLayout boolean,
	layoutId int8,
	parentLayoutId int8,
	name lvarchar,
	title lvarchar,
	description lvarchar,
	type_ varchar(75),
	typeSettings lvarchar(4096),
	hidden_ boolean,
	friendlyURL varchar(100),
	iconImage boolean,
	iconImageId int8,
	themeId varchar(75),
	colorSchemeId varchar(75),
	wapThemeId varchar(75),
	wapColorSchemeId varchar(75),
	css lvarchar,
	priority int,
	dlFolderId int8
)
extent size 16 next size 16
lock mode row;

create table LayoutSet (
	layoutSetId int8 not null primary key,
	groupId int8,
	companyId int8,
	privateLayout boolean,
	logo boolean,
	logoId int8,
	themeId varchar(75),
	colorSchemeId varchar(75),
	wapThemeId varchar(75),
	wapColorSchemeId varchar(75),
	css lvarchar,
	pageCount int,
	virtualHost varchar(75)
)
extent size 16 next size 16
lock mode row;

create table ListType (
	listTypeId int not null primary key,
	name varchar(75),
	type_ varchar(75)
)
extent size 16 next size 16
lock mode row;

create table MBBan (
	banId int8 not null primary key,
	groupId int8,
	companyId int8,
	userId int8,
	userName varchar(75),
	createDate datetime YEAR TO FRACTION,
	modifiedDate datetime YEAR TO FRACTION,
	banUserId int8
)
extent size 16 next size 16
lock mode row;

create table MBCategory (
	uuid_ varchar(75),
	categoryId int8 not null primary key,
	groupId int8,
	companyId int8,
	userId int8,
	userName varchar(75),
	createDate datetime YEAR TO FRACTION,
	modifiedDate datetime YEAR TO FRACTION,
	parentCategoryId int8,
	name varchar(75),
	description lvarchar,
	threadCount int,
	messageCount int,
	lastPostDate datetime YEAR TO FRACTION
)
extent size 16 next size 16
lock mode row;

create table MBDiscussion (
	discussionId int8 not null primary key,
	classNameId int8,
	classPK int8,
	threadId int8
)
extent size 16 next size 16
lock mode row;

create table MBMailingList (
	uuid_ varchar(75),
	mailingListId int8 not null primary key,
	groupId int8,
	companyId int8,
	userId int8,
	userName varchar(75),
	createDate datetime YEAR TO FRACTION,
	modifiedDate datetime YEAR TO FRACTION,
	categoryId int8,
	emailAddress varchar(75),
	inProtocol varchar(75),
	inServerName varchar(75),
	inServerPort int,
	inUseSSL boolean,
	inUserName varchar(75),
	inPassword varchar(75),
	inReadInterval int,
	outEmailAddress varchar(75),
	outCustom boolean,
	outServerName varchar(75),
	outServerPort int,
	outUseSSL boolean,
	outUserName varchar(75),
	outPassword varchar(75),
	active_ boolean
)
extent size 16 next size 16
lock mode row;

create table MBMessage (
	uuid_ varchar(75),
	messageId int8 not null primary key,
	groupId int8,
	companyId int8,
	userId int8,
	userName varchar(75),
	createDate datetime YEAR TO FRACTION,
	modifiedDate datetime YEAR TO FRACTION,
	classNameId int8,
	classPK int8,
	categoryId int8,
	threadId int8,
	parentMessageId int8,
	subject varchar(75),
	body text,
	attachments boolean,
	anonymous boolean,
	priority float
)
extent size 16 next size 16
lock mode row;

create table MBMessageFlag (
	messageFlagId int8 not null primary key,
	userId int8,
	modifiedDate datetime YEAR TO FRACTION,
	threadId int8,
	messageId int8,
	flag int
)
extent size 16 next size 16
lock mode row;

create table MBStatsUser (
	statsUserId int8 not null primary key,
	groupId int8,
	userId int8,
	messageCount int,
	lastPostDate datetime YEAR TO FRACTION
)
extent size 16 next size 16
lock mode row;

create table MBThread (
	threadId int8 not null primary key,
	groupId int8,
	categoryId int8,
	rootMessageId int8,
	messageCount int,
	viewCount int,
	lastPostByUserId int8,
	lastPostDate datetime YEAR TO FRACTION,
	priority float
)
extent size 16 next size 16
lock mode row;

create table MembershipRequest (
	membershipRequestId int8 not null primary key,
	companyId int8,
	userId int8,
	createDate datetime YEAR TO FRACTION,
	groupId int8,
	comments lvarchar,
	replyComments lvarchar,
	replyDate datetime YEAR TO FRACTION,
	replierUserId int8,
	statusId int
)
extent size 16 next size 16
lock mode row;

create table Organization_ (
	organizationId int8 not null primary key,
	companyId int8,
	parentOrganizationId int8,
	leftOrganizationId int8,
	rightOrganizationId int8,
	name varchar(100),
	type_ varchar(75),
	recursable boolean,
	regionId int8,
	countryId int8,
	statusId int,
	comments lvarchar
)
extent size 16 next size 16
lock mode row;

create table OrgGroupPermission (
	organizationId int8 not null,
	groupId int8 not null,
	permissionId int8 not null,
	primary key (organizationId, groupId, permissionId)
)
extent size 16 next size 16
lock mode row;

create table OrgGroupRole (
	organizationId int8 not null,
	groupId int8 not null,
	roleId int8 not null,
	primary key (organizationId, groupId, roleId)
)
extent size 16 next size 16
lock mode row;

create table OrgLabor (
	orgLaborId int8 not null primary key,
	organizationId int8,
	typeId int,
	sunOpen int,
	sunClose int,
	monOpen int,
	monClose int,
	tueOpen int,
	tueClose int,
	wedOpen int,
	wedClose int,
	thuOpen int,
	thuClose int,
	friOpen int,
	friClose int,
	satOpen int,
	satClose int
)
extent size 16 next size 16
lock mode row;

create table PasswordPolicy (
	passwordPolicyId int8 not null primary key,
	companyId int8,
	userId int8,
	userName varchar(75),
	createDate datetime YEAR TO FRACTION,
	modifiedDate datetime YEAR TO FRACTION,
	defaultPolicy boolean,
	name varchar(75),
	description lvarchar,
	changeable boolean,
	changeRequired boolean,
	minAge int8,
	checkSyntax boolean,
	allowDictionaryWords boolean,
	minLength int,
	history boolean,
	historyCount int,
	expireable boolean,
	maxAge int8,
	warningTime int8,
	graceLimit int,
	lockout boolean,
	maxFailure int,
	lockoutDuration int8,
	requireUnlock boolean,
	resetFailureCount int8
)
extent size 16 next size 16
lock mode row;

create table PasswordPolicyRel (
	passwordPolicyRelId int8 not null primary key,
	passwordPolicyId int8,
	classNameId int8,
	classPK int8
)
extent size 16 next size 16
lock mode row;

create table PasswordTracker (
	passwordTrackerId int8 not null primary key,
	userId int8,
	createDate datetime YEAR TO FRACTION,
	password_ varchar(75)
)
extent size 16 next size 16
lock mode row;

create table Permission_ (
	permissionId int8 not null primary key,
	companyId int8,
	actionId varchar(75),
	resourceId int8
)
extent size 16 next size 16
lock mode row;

create table Phone (
	phoneId int8 not null primary key,
	companyId int8,
	userId int8,
	userName varchar(75),
	createDate datetime YEAR TO FRACTION,
	modifiedDate datetime YEAR TO FRACTION,
	classNameId int8,
	classPK int8,
	number_ varchar(75),
	extension varchar(75),
	typeId int,
	primary_ boolean
)
extent size 16 next size 16
lock mode row;

create table PluginSetting (
	pluginSettingId int8 not null primary key,
	companyId int8,
	pluginId varchar(75),
	pluginType varchar(75),
	roles lvarchar,
	active_ boolean
)
extent size 16 next size 16
lock mode row;

create table PollsChoice (
	uuid_ varchar(75),
	choiceId int8 not null primary key,
	questionId int8,
	name varchar(75),
	description lvarchar(1000)
)
extent size 16 next size 16
lock mode row;

create table PollsQuestion (
	uuid_ varchar(75),
	questionId int8 not null primary key,
	groupId int8,
	companyId int8,
	userId int8,
	userName varchar(75),
	createDate datetime YEAR TO FRACTION,
	modifiedDate datetime YEAR TO FRACTION,
	title lvarchar(500),
	description lvarchar,
	expirationDate datetime YEAR TO FRACTION,
	lastVoteDate datetime YEAR TO FRACTION
)
extent size 16 next size 16
lock mode row;

create table PollsVote (
	voteId int8 not null primary key,
	userId int8,
	questionId int8,
	choiceId int8,
	voteDate datetime YEAR TO FRACTION
)
extent size 16 next size 16
lock mode row;

create table Portlet (
	id_ int8 not null primary key,
	companyId int8,
	portletId varchar(200),
	roles lvarchar,
	active_ boolean
)
extent size 16 next size 16
lock mode row;

create table PortletItem (
	portletItemId int8 not null primary key,
	groupId int8,
	companyId int8,
	userId int8,
	userName varchar(75),
	createDate datetime YEAR TO FRACTION,
	modifiedDate datetime YEAR TO FRACTION,
	name varchar(75),
	portletId varchar(75),
	classNameId int8
)
extent size 16 next size 16
lock mode row;

create table PortletPreferences (
	portletPreferencesId int8 not null primary key,
	ownerId int8,
	ownerType int,
	plid int8,
	portletId varchar(200),
	preferences text
)
extent size 16 next size 16
lock mode row;

create table RatingsEntry (
	entryId int8 not null primary key,
	companyId int8,
	userId int8,
	userName varchar(75),
	createDate datetime YEAR TO FRACTION,
	modifiedDate datetime YEAR TO FRACTION,
	classNameId int8,
	classPK int8,
	score float
)
extent size 16 next size 16
lock mode row;

create table RatingsStats (
	statsId int8 not null primary key,
	classNameId int8,
	classPK int8,
	totalEntries int,
	totalScore float,
	averageScore float
)
extent size 16 next size 16
lock mode row;

create table Region (
	regionId int8 not null primary key,
	countryId int8,
	regionCode varchar(75),
	name varchar(75),
	active_ boolean
)
extent size 16 next size 16
lock mode row;

create table Release_ (
	releaseId int8 not null primary key,
	createDate datetime YEAR TO FRACTION,
	modifiedDate datetime YEAR TO FRACTION,
	buildNumber int,
	buildDate datetime YEAR TO FRACTION,
	verified boolean,
	testString lvarchar(1024)
)
extent size 16 next size 16
lock mode row;

create table Resource_ (
	resourceId int8 not null primary key,
	codeId int8,
	primKey varchar(255)
)
extent size 16 next size 16
lock mode row;

create table ResourceAction (
	resourceActionId int8 not null primary key,
	name varchar(75),
	actionId varchar(75),
	bitwiseValue int8
)
extent size 16 next size 16
lock mode row;

create table ResourceCode (
	codeId int8 not null primary key,
	companyId int8,
	name varchar(255),
	scope int
)
extent size 16 next size 16
lock mode row;

create table ResourcePermission (
	resourcePermissionId int8 not null primary key,
	companyId int8,
	name varchar(255),
	scope int,
	primKey varchar(255),
	roleId int8,
	actionIds int8
)
extent size 16 next size 16
lock mode row;

create table Role_ (
	roleId int8 not null primary key,
	companyId int8,
	classNameId int8,
	classPK int8,
	name varchar(75),
	title lvarchar,
	description lvarchar,
	type_ int,
	subtype varchar(75)
)
extent size 16 next size 16
lock mode row;

create table Roles_Permissions (
	roleId int8 not null,
	permissionId int8 not null,
	primary key (roleId, permissionId)
)
extent size 16 next size 16
lock mode row;

create table SCFrameworkVersi_SCProductVers (
	frameworkVersionId int8 not null,
	productVersionId int8 not null,
	primary key (frameworkVersionId, productVersionId)
)
extent size 16 next size 16
lock mode row;

create table SCFrameworkVersion (
	frameworkVersionId int8 not null primary key,
	groupId int8,
	companyId int8,
	userId int8,
	userName varchar(75),
	createDate datetime YEAR TO FRACTION,
	modifiedDate datetime YEAR TO FRACTION,
	name varchar(75),
	url lvarchar,
	active_ boolean,
	priority int
)
extent size 16 next size 16
lock mode row;

create table SCLicense (
	licenseId int8 not null primary key,
	name varchar(75),
	url lvarchar,
	openSource boolean,
	active_ boolean,
	recommended boolean
)
extent size 16 next size 16
lock mode row;

create table SCLicenses_SCProductEntries (
	licenseId int8 not null,
	productEntryId int8 not null,
	primary key (licenseId, productEntryId)
)
extent size 16 next size 16
lock mode row;

create table SCProductEntry (
	productEntryId int8 not null primary key,
	groupId int8,
	companyId int8,
	userId int8,
	userName varchar(75),
	createDate datetime YEAR TO FRACTION,
	modifiedDate datetime YEAR TO FRACTION,
	name varchar(75),
	type_ varchar(75),
	tags varchar(255),
	shortDescription lvarchar,
	longDescription lvarchar,
	pageURL lvarchar,
	author varchar(75),
	repoGroupId varchar(75),
	repoArtifactId varchar(75)
)
extent size 16 next size 16
lock mode row;

create table SCProductScreenshot (
	productScreenshotId int8 not null primary key,
	companyId int8,
	groupId int8,
	productEntryId int8,
	thumbnailId int8,
	fullImageId int8,
	priority int
)
extent size 16 next size 16
lock mode row;

create table SCProductVersion (
	productVersionId int8 not null primary key,
	companyId int8,
	userId int8,
	userName varchar(75),
	createDate datetime YEAR TO FRACTION,
	modifiedDate datetime YEAR TO FRACTION,
	productEntryId int8,
	version varchar(75),
	changeLog lvarchar,
	downloadPageURL lvarchar,
	directDownloadURL varchar(2000),
	repoStoreArtifact boolean
)
extent size 16 next size 16
lock mode row;

create table ServiceComponent (
	serviceComponentId int8 not null primary key,
	buildNamespace varchar(75),
	buildNumber int8,
	buildDate int8,
	data_ text
)
extent size 16 next size 16
lock mode row;

create table Shard (
	shardId int8 not null primary key,
	classNameId int8,
	classPK int8,
	name varchar(75)
)
extent size 16 next size 16
lock mode row;

create table ShoppingCart (
	cartId int8 not null primary key,
	groupId int8,
	companyId int8,
	userId int8,
	userName varchar(75),
	createDate datetime YEAR TO FRACTION,
	modifiedDate datetime YEAR TO FRACTION,
	itemIds lvarchar,
	couponCodes varchar(75),
	altShipping int,
	insure boolean
)
extent size 16 next size 16
lock mode row;

create table ShoppingCategory (
	categoryId int8 not null primary key,
	groupId int8,
	companyId int8,
	userId int8,
	userName varchar(75),
	createDate datetime YEAR TO FRACTION,
	modifiedDate datetime YEAR TO FRACTION,
	parentCategoryId int8,
	name varchar(75),
	description lvarchar
)
extent size 16 next size 16
lock mode row;

create table ShoppingCoupon (
	couponId int8 not null primary key,
	groupId int8,
	companyId int8,
	userId int8,
	userName varchar(75),
	createDate datetime YEAR TO FRACTION,
	modifiedDate datetime YEAR TO FRACTION,
	code_ varchar(75),
	name varchar(75),
	description lvarchar,
	startDate datetime YEAR TO FRACTION,
	endDate datetime YEAR TO FRACTION,
	active_ boolean,
	limitCategories lvarchar,
	limitSkus lvarchar,
	minOrder float,
	discount float,
	discountType varchar(75)
)
extent size 16 next size 16
lock mode row;

create table ShoppingItem (
	itemId int8 not null primary key,
	companyId int8,
	userId int8,
	userName varchar(75),
	createDate datetime YEAR TO FRACTION,
	modifiedDate datetime YEAR TO FRACTION,
	categoryId int8,
	sku varchar(75),
	name varchar(200),
	description lvarchar,
	properties lvarchar,
	fields_ boolean,
	fieldsQuantities lvarchar,
	minQuantity int,
	maxQuantity int,
	price float,
	discount float,
	taxable boolean,
	shipping float,
	useShippingFormula boolean,
	requiresShipping boolean,
	stockQuantity int,
	featured_ boolean,
	sale_ boolean,
	smallImage boolean,
	smallImageId int8,
	smallImageURL varchar(75),
	mediumImage boolean,
	mediumImageId int8,
	mediumImageURL varchar(75),
	largeImage boolean,
	largeImageId int8,
	largeImageURL varchar(75)
)
extent size 16 next size 16
lock mode row;

create table ShoppingItemField (
	itemFieldId int8 not null primary key,
	itemId int8,
	name varchar(75),
	values_ lvarchar,
	description lvarchar
)
extent size 16 next size 16
lock mode row;

create table ShoppingItemPrice (
	itemPriceId int8 not null primary key,
	itemId int8,
	minQuantity int,
	maxQuantity int,
	price float,
	discount float,
	taxable boolean,
	shipping float,
	useShippingFormula boolean,
	status int
)
extent size 16 next size 16
lock mode row;

create table ShoppingOrder (
	orderId int8 not null primary key,
	groupId int8,
	companyId int8,
	userId int8,
	userName varchar(75),
	createDate datetime YEAR TO FRACTION,
	modifiedDate datetime YEAR TO FRACTION,
	number_ varchar(75),
	tax float,
	shipping float,
	altShipping varchar(75),
	requiresShipping boolean,
	insure boolean,
	insurance float,
	couponCodes varchar(75),
	couponDiscount float,
	billingFirstName varchar(75),
	billingLastName varchar(75),
	billingEmailAddress varchar(75),
	billingCompany varchar(75),
	billingStreet varchar(75),
	billingCity varchar(75),
	billingState varchar(75),
	billingZip varchar(75),
	billingCountry varchar(75),
	billingPhone varchar(75),
	shipToBilling boolean,
	shippingFirstName varchar(75),
	shippingLastName varchar(75),
	shippingEmailAddress varchar(75),
	shippingCompany varchar(75),
	shippingStreet varchar(75),
	shippingCity varchar(75),
	shippingState varchar(75),
	shippingZip varchar(75),
	shippingCountry varchar(75),
	shippingPhone varchar(75),
	ccName varchar(75),
	ccType varchar(75),
	ccNumber varchar(75),
	ccExpMonth int,
	ccExpYear int,
	ccVerNumber varchar(75),
	comments lvarchar,
	ppTxnId varchar(75),
	ppPaymentStatus varchar(75),
	ppPaymentGross float,
	ppReceiverEmail varchar(75),
	ppPayerEmail varchar(75),
	sendOrderEmail boolean,
	sendShippingEmail boolean
)
extent size 16 next size 16
lock mode row;

create table ShoppingOrderItem (
	orderItemId int8 not null primary key,
	orderId int8,
	itemId varchar(75),
	sku varchar(75),
	name varchar(200),
	description lvarchar,
	properties lvarchar,
	price float,
	quantity int,
	shippedDate datetime YEAR TO FRACTION
)
extent size 16 next size 16
lock mode row;

create table SocialActivity (
	activityId int8 not null primary key,
	groupId int8,
	companyId int8,
	userId int8,
	createDate datetime YEAR TO FRACTION,
	mirrorActivityId int8,
	classNameId int8,
	classPK int8,
	type_ int,
	extraData lvarchar,
	receiverUserId int8
)
extent size 16 next size 16
lock mode row;

create table SocialRelation (
	uuid_ varchar(75),
	relationId int8 not null primary key,
	companyId int8,
	createDate datetime YEAR TO FRACTION,
	userId1 int8,
	userId2 int8,
	type_ int
)
extent size 16 next size 16
lock mode row;

create table SocialRequest (
	uuid_ varchar(75),
	requestId int8 not null primary key,
	groupId int8,
	companyId int8,
	userId int8,
	createDate datetime YEAR TO FRACTION,
	modifiedDate datetime YEAR TO FRACTION,
	classNameId int8,
	classPK int8,
	type_ int,
	extraData lvarchar,
	receiverUserId int8,
	status int
)
extent size 16 next size 16
lock mode row;

create table Subscription (
	subscriptionId int8 not null primary key,
	companyId int8,
	userId int8,
	userName varchar(75),
	createDate datetime YEAR TO FRACTION,
	modifiedDate datetime YEAR TO FRACTION,
	classNameId int8,
	classPK int8,
	frequency varchar(75)
)
extent size 16 next size 16
lock mode row;

create table TagsAsset (
	assetId int8 not null primary key,
	groupId int8,
	companyId int8,
	userId int8,
	userName varchar(75),
	createDate datetime YEAR TO FRACTION,
	modifiedDate datetime YEAR TO FRACTION,
	classNameId int8,
	classPK int8,
	visible boolean,
	startDate datetime YEAR TO FRACTION,
	endDate datetime YEAR TO FRACTION,
	publishDate datetime YEAR TO FRACTION,
	expirationDate datetime YEAR TO FRACTION,
	mimeType varchar(75),
	title varchar(255),
	description lvarchar,
	summary lvarchar,
	url lvarchar,
	height int,
	width int,
	priority float,
	viewCount int
)
extent size 16 next size 16
lock mode row;

create table TagsAssets_TagsEntries (
	assetId int8 not null,
	entryId int8 not null,
	primary key (assetId, entryId)
)
extent size 16 next size 16
lock mode row;

create table TagsEntry (
	entryId int8 not null primary key,
	groupId int8,
	companyId int8,
	userId int8,
	userName varchar(75),
	createDate datetime YEAR TO FRACTION,
	modifiedDate datetime YEAR TO FRACTION,
	parentEntryId int8,
	name varchar(75),
	vocabularyId int8
)
extent size 16 next size 16
lock mode row;

create table TagsProperty (
	propertyId int8 not null primary key,
	companyId int8,
	userId int8,
	userName varchar(75),
	createDate datetime YEAR TO FRACTION,
	modifiedDate datetime YEAR TO FRACTION,
	entryId int8,
	key_ varchar(75),
	value varchar(255)
)
extent size 16 next size 16
lock mode row;

create table TagsSource (
	sourceId int8 not null primary key,
	parentSourceId int8,
	name varchar(75),
	acronym varchar(75)
)
extent size 16 next size 16
lock mode row;

create table TagsVocabulary (
	vocabularyId int8 not null primary key,
	groupId int8,
	companyId int8,
	userId int8,
	userName varchar(75),
	createDate datetime YEAR TO FRACTION,
	modifiedDate datetime YEAR TO FRACTION,
	name varchar(75),
	description varchar(75),
	folksonomy boolean
)
extent size 16 next size 16
lock mode row;

create table TasksProposal (
	proposalId int8 not null primary key,
	groupId int8,
	companyId int8,
	userId int8,
	userName varchar(75),
	createDate datetime YEAR TO FRACTION,
	modifiedDate datetime YEAR TO FRACTION,
	classNameId int8,
	classPK varchar(75),
	name varchar(75),
	description lvarchar,
	publishDate datetime YEAR TO FRACTION,
	dueDate datetime YEAR TO FRACTION
)
extent size 16 next size 16
lock mode row;

create table TasksReview (
	reviewId int8 not null primary key,
	groupId int8,
	companyId int8,
	userId int8,
	userName varchar(75),
	createDate datetime YEAR TO FRACTION,
	modifiedDate datetime YEAR TO FRACTION,
	proposalId int8,
	assignedByUserId int8,
	assignedByUserName varchar(75),
	stage int,
	completed boolean,
	rejected boolean
)
extent size 16 next size 16
lock mode row;

create table User_ (
	uuid_ varchar(75),
	userId int8 not null primary key,
	companyId int8,
	createDate datetime YEAR TO FRACTION,
	modifiedDate datetime YEAR TO FRACTION,
	defaultUser boolean,
	contactId int8,
	password_ varchar(75),
	passwordEncrypted boolean,
	passwordReset boolean,
	passwordModifiedDate datetime YEAR TO FRACTION,
	reminderQueryQuestion varchar(75),
	reminderQueryAnswer varchar(75),
	graceLoginCount int,
	screenName varchar(75),
	emailAddress varchar(75),
	openId lvarchar(1024),
	portraitId int8,
	languageId varchar(75),
	timeZoneId varchar(75),
	greeting varchar(255),
	comments lvarchar,
	firstName varchar(75),
	middleName varchar(75),
	lastName varchar(75),
	jobTitle varchar(75),
	loginDate datetime YEAR TO FRACTION,
	loginIP varchar(75),
	lastLoginDate datetime YEAR TO FRACTION,
	lastLoginIP varchar(75),
	lastFailedLoginDate datetime YEAR TO FRACTION,
	failedLoginAttempts int,
	lockout boolean,
	lockoutDate datetime YEAR TO FRACTION,
	agreedToTermsOfUse boolean,
	active_ boolean
)
extent size 16 next size 16
lock mode row;

create table UserGroup (
	userGroupId int8 not null primary key,
	companyId int8,
	parentUserGroupId int8,
	name varchar(75),
	description lvarchar
)
extent size 16 next size 16
lock mode row;

create table UserGroupRole (
	userId int8 not null,
	groupId int8 not null,
	roleId int8 not null,
	primary key (userId, groupId, roleId)
)
extent size 16 next size 16
lock mode row;

create table UserIdMapper (
	userIdMapperId int8 not null primary key,
	userId int8,
	type_ varchar(75),
	description varchar(75),
	externalUserId varchar(75)
)
extent size 16 next size 16
lock mode row;

create table Users_Groups (
	userId int8 not null,
	groupId int8 not null,
	primary key (userId, groupId)
)
extent size 16 next size 16
lock mode row;

create table Users_Orgs (
	userId int8 not null,
	organizationId int8 not null,
	primary key (userId, organizationId)
)
extent size 16 next size 16
lock mode row;

create table Users_Permissions (
	userId int8 not null,
	permissionId int8 not null,
	primary key (userId, permissionId)
)
extent size 16 next size 16
lock mode row;

create table Users_Roles (
	userId int8 not null,
	roleId int8 not null,
	primary key (userId, roleId)
)
extent size 16 next size 16
lock mode row;

create table Users_UserGroups (
	userGroupId int8 not null,
	userId int8 not null,
	primary key (userGroupId, userId)
)
extent size 16 next size 16
lock mode row;

create table UserTracker (
	userTrackerId int8 not null primary key,
	companyId int8,
	userId int8,
	modifiedDate datetime YEAR TO FRACTION,
	sessionId varchar(200),
	remoteAddr varchar(75),
	remoteHost varchar(75),
	userAgent varchar(200)
)
extent size 16 next size 16
lock mode row;

create table UserTrackerPath (
	userTrackerPathId int8 not null primary key,
	userTrackerId int8,
	path_ lvarchar,
	pathDate datetime YEAR TO FRACTION
)
extent size 16 next size 16
lock mode row;

create table Vocabulary (
	vocabularyId int8 not null primary key,
	groupId int8,
	companyId int8,
	userId int8,
	userName varchar(75),
	createDate datetime YEAR TO FRACTION,
	modifiedDate datetime YEAR TO FRACTION,
	name varchar(75),
	description varchar(75),
	folksonomy boolean
)
extent size 16 next size 16
lock mode row;

create table WebDAVProps (
	webDavPropsId int8 not null primary key,
	companyId int8,
	createDate datetime YEAR TO FRACTION,
	modifiedDate datetime YEAR TO FRACTION,
	classNameId int8,
	classPK int8,
	props text
)
extent size 16 next size 16
lock mode row;

create table Website (
	websiteId int8 not null primary key,
	companyId int8,
	userId int8,
	userName varchar(75),
	createDate datetime YEAR TO FRACTION,
	modifiedDate datetime YEAR TO FRACTION,
	classNameId int8,
	classPK int8,
	url lvarchar,
	typeId int,
	primary_ boolean
)
extent size 16 next size 16
lock mode row;

create table WikiNode (
	uuid_ varchar(75),
	nodeId int8 not null primary key,
	groupId int8,
	companyId int8,
	userId int8,
	userName varchar(75),
	createDate datetime YEAR TO FRACTION,
	modifiedDate datetime YEAR TO FRACTION,
	name varchar(75),
	description lvarchar,
	lastPostDate datetime YEAR TO FRACTION
)
extent size 16 next size 16
lock mode row;

create table WikiPage (
	uuid_ varchar(75),
	pageId int8 not null primary key,
	resourcePrimKey int8,
	groupId int8,
	companyId int8,
	userId int8,
	userName varchar(75),
	createDate datetime YEAR TO FRACTION,
	modifiedDate datetime YEAR TO FRACTION,
	nodeId int8,
	title varchar(255),
	version float,
	minorEdit boolean,
	content text,
	summary lvarchar,
	format varchar(75),
	head boolean,
	parentTitle varchar(75),
	redirectTitle varchar(75)
)
extent size 16 next size 16
lock mode row;

create table WikiPageResource (
	resourcePrimKey int8 not null primary key,
	nodeId int8,
	title varchar(75)
)
extent size 16 next size 16
lock mode row;



insert into Country (countryId, name, a2, a3, number_, idd_, active_) values (1, 'Canada', 'CA', 'CAN', '124', '001', 'T');
insert into Country (countryId, name, a2, a3, number_, idd_, active_) values (2, 'China', 'CN', 'CHN', '156', '086', 'T');
insert into Country (countryId, name, a2, a3, number_, idd_, active_) values (3, 'France', 'FR', 'FRA', '250', '033', 'T');
insert into Country (countryId, name, a2, a3, number_, idd_, active_) values (4, 'Germany', 'DE', 'DEU', '276', '049', 'T');
insert into Country (countryId, name, a2, a3, number_, idd_, active_) values (5, 'Hong Kong', 'HK', 'HKG', '344', '852', 'T');
insert into Country (countryId, name, a2, a3, number_, idd_, active_) values (6, 'Hungary', 'HU', 'HUN', '348', '036', 'T');
insert into Country (countryId, name, a2, a3, number_, idd_, active_) values (7, 'Israel', 'IL', 'ISR', '376', '972', 'T');
insert into Country (countryId, name, a2, a3, number_, idd_, active_) values (8, 'Italy', 'IT', 'ITA', '380', '039', 'T');
insert into Country (countryId, name, a2, a3, number_, idd_, active_) values (9, 'Japan', 'JP', 'JPN', '392', '081', 'T');
insert into Country (countryId, name, a2, a3, number_, idd_, active_) values (10, 'South Korea', 'KR', 'KOR', '410', '082', 'T');
insert into Country (countryId, name, a2, a3, number_, idd_, active_) values (11, 'Netherlands', 'NL', 'NLD', '528', '031', 'T');
insert into Country (countryId, name, a2, a3, number_, idd_, active_) values (12, 'Portugal', 'PT', 'PRT', '620', '351', 'T');
insert into Country (countryId, name, a2, a3, number_, idd_, active_) values (13, 'Russia', 'RU', 'RUS', '643', '007', 'T');
insert into Country (countryId, name, a2, a3, number_, idd_, active_) values (14, 'Singapore', 'SG', 'SGP', '702', '065', 'T');
insert into Country (countryId, name, a2, a3, number_, idd_, active_) values (15, 'Spain', 'ES', 'ESP', '724', '034', 'T');
insert into Country (countryId, name, a2, a3, number_, idd_, active_) values (16, 'Turkey', 'TR', 'TUR', '792', '090', 'T');
insert into Country (countryId, name, a2, a3, number_, idd_, active_) values (17, 'Vietnam', 'VM', 'VNM', '704', '084', 'T');
insert into Country (countryId, name, a2, a3, number_, idd_, active_) values (18, 'United Kingdom', 'GB', 'GBR', '826', '044', 'T');
insert into Country (countryId, name, a2, a3, number_, idd_, active_) values (19, 'United States', 'US', 'USA', '840', '001', 'T');
insert into Country (countryId, name, a2, a3, number_, idd_, active_) values (20, 'Afghanistan', 'AF', 'AFG', '4', '093', 'T');
insert into Country (countryId, name, a2, a3, number_, idd_, active_) values (21, 'Albania', 'AL', 'ALB', '8', '355', 'T');
insert into Country (countryId, name, a2, a3, number_, idd_, active_) values (22, 'Algeria', 'DZ', 'DZA', '12', '213', 'T');
insert into Country (countryId, name, a2, a3, number_, idd_, active_) values (23, 'American Samoa', 'AS', 'ASM', '16', '684', 'T');
insert into Country (countryId, name, a2, a3, number_, idd_, active_) values (24, 'Andorra', 'AD', 'AND', '20', '376', 'T');
insert into Country (countryId, name, a2, a3, number_, idd_, active_) values (25, 'Angola', 'AO', 'AGO', '24', '244', 'T');
insert into Country (countryId, name, a2, a3, number_, idd_, active_) values (26, 'Anguilla', 'AI', 'AIA', '660', '264', 'T');
insert into Country (countryId, name, a2, a3, number_, idd_, active_) values (27, 'Antarctica', 'AQ', 'ATA', '10', '672', 'T');
insert into Country (countryId, name, a2, a3, number_, idd_, active_) values (28, 'Antigua', 'AG', 'ATG', '28', '268', 'T');
insert into Country (countryId, name, a2, a3, number_, idd_, active_) values (29, 'Argentina', 'AR', 'ARG', '32', '054', 'T');
insert into Country (countryId, name, a2, a3, number_, idd_, active_) values (30, 'Armenia', 'AM', 'ARM', '51', '374', 'T');
insert into Country (countryId, name, a2, a3, number_, idd_, active_) values (31, 'Aruba', 'AW', 'ABW', '533', '297', 'T');
insert into Country (countryId, name, a2, a3, number_, idd_, active_) values (32, 'Australia', 'AU', 'AUS', '36', '061', 'T');
insert into Country (countryId, name, a2, a3, number_, idd_, active_) values (33, 'Austria', 'AT', 'AUT', '40', '043', 'T');
insert into Country (countryId, name, a2, a3, number_, idd_, active_) values (34, 'Azerbaijan', 'AZ', 'AZE', '31', '994', 'T');
insert into Country (countryId, name, a2, a3, number_, idd_, active_) values (35, 'Bahamas', 'BS', 'BHS', '44', '242', 'T');
insert into Country (countryId, name, a2, a3, number_, idd_, active_) values (36, 'Bahrain', 'BH', 'BHR', '48', '973', 'T');
insert into Country (countryId, name, a2, a3, number_, idd_, active_) values (37, 'Bangladesh', 'BD', 'BGD', '50', '880', 'T');
insert into Country (countryId, name, a2, a3, number_, idd_, active_) values (38, 'Barbados', 'BB', 'BRB', '52', '246', 'T');
insert into Country (countryId, name, a2, a3, number_, idd_, active_) values (39, 'Belarus', 'BY', 'BLR', '112', '375', 'T');
insert into Country (countryId, name, a2, a3, number_, idd_, active_) values (40, 'Belgium', 'BE', 'BEL', '56', '032', 'T');
insert into Country (countryId, name, a2, a3, number_, idd_, active_) values (41, 'Belize', 'BZ', 'BLZ', '84', '501', 'T');
insert into Country (countryId, name, a2, a3, number_, idd_, active_) values (42, 'Benin', 'BJ', 'BEN', '204', '229', 'T');
insert into Country (countryId, name, a2, a3, number_, idd_, active_) values (43, 'Bermuda', 'BM', 'BMU', '60', '441', 'T');
insert into Country (countryId, name, a2, a3, number_, idd_, active_) values (44, 'Bhutan', 'BT', 'BTN', '64', '975', 'T');
insert into Country (countryId, name, a2, a3, number_, idd_, active_) values (45, 'Bolivia', 'BO', 'BOL', '68', '591', 'T');
insert into Country (countryId, name, a2, a3, number_, idd_, active_) values (46, 'Bosnia-Herzegovina', 'BA', 'BIH', '70', '387', 'T');
insert into Country (countryId, name, a2, a3, number_, idd_, active_) values (47, 'Botswana', 'BW', 'BWA', '72', '267', 'T');
insert into Country (countryId, name, a2, a3, number_, idd_, active_) values (48, 'Brazil', 'BR', 'BRA', '76', '055', 'T');
insert into Country (countryId, name, a2, a3, number_, idd_, active_) values (49, 'British Virgin Islands', 'VG', 'VGB', '92', '284', 'T');
insert into Country (countryId, name, a2, a3, number_, idd_, active_) values (50, 'Brunei', 'BN', 'BRN', '96', '673', 'T');
insert into Country (countryId, name, a2, a3, number_, idd_, active_) values (51, 'Bulgaria', 'BG', 'BGR', '100', '359', 'T');
insert into Country (countryId, name, a2, a3, number_, idd_, active_) values (52, 'Burkina Faso', 'BF', 'BFA', '854', '226', 'T');
insert into Country (countryId, name, a2, a3, number_, idd_, active_) values (53, 'Burma (Myanmar)', 'MM', 'MMR', '104', '095', 'T');
insert into Country (countryId, name, a2, a3, number_, idd_, active_) values (54, 'Burundi', 'BI', 'BDI', '108', '257', 'T');
insert into Country (countryId, name, a2, a3, number_, idd_, active_) values (55, 'Cambodia', 'KH', 'KHM', '116', '855', 'T');
insert into Country (countryId, name, a2, a3, number_, idd_, active_) values (56, 'Cameroon', 'CM', 'CMR', '120', '237', 'T');
insert into Country (countryId, name, a2, a3, number_, idd_, active_) values (57, 'Cape Verde Island', 'CV', 'CPV', '132', '238', 'T');
insert into Country (countryId, name, a2, a3, number_, idd_, active_) values (58, 'Cayman Islands', 'KY', 'CYM', '136', '345', 'T');
insert into Country (countryId, name, a2, a3, number_, idd_, active_) values (59, 'Central African Republic', 'CF', 'CAF', '140', '236', 'T');
insert into Country (countryId, name, a2, a3, number_, idd_, active_) values (60, 'Chad', 'TD', 'TCD', '148', '235', 'T');
insert into Country (countryId, name, a2, a3, number_, idd_, active_) values (61, 'Chile', 'CL', 'CHL', '152', '056', 'T');
insert into Country (countryId, name, a2, a3, number_, idd_, active_) values (62, 'Christmas Island', 'CX', 'CXR', '162', '061', 'T');
insert into Country (countryId, name, a2, a3, number_, idd_, active_) values (63, 'Cocos Islands', 'CC', 'CCK', '166', '061', 'T');
insert into Country (countryId, name, a2, a3, number_, idd_, active_) values (64, 'Colombia', 'CO', 'COL', '170', '057', 'T');
insert into Country (countryId, name, a2, a3, number_, idd_, active_) values (65, 'Comoros', 'KM', 'COM', '174', '269', 'T');
insert into Country (countryId, name, a2, a3, number_, idd_, active_) values (66, 'Republic of Congo', 'CD', 'COD', '180', '242', 'T');
insert into Country (countryId, name, a2, a3, number_, idd_, active_) values (67, 'Democratic Republic of Congo', 'CG', 'COG', '178', '243', 'T');
insert into Country (countryId, name, a2, a3, number_, idd_, active_) values (68, 'Cook Islands', 'CK', 'COK', '184', '682', 'T');
insert into Country (countryId, name, a2, a3, number_, idd_, active_) values (69, 'Costa Rica', 'CR', 'CRI', '188', '506', 'T');
insert into Country (countryId, name, a2, a3, number_, idd_, active_) values (70, 'Croatia', 'HR', 'HRV', '191', '385', 'T');
insert into Country (countryId, name, a2, a3, number_, idd_, active_) values (71, 'Cuba', 'CU', 'CUB', '192', '053', 'T');
insert into Country (countryId, name, a2, a3, number_, idd_, active_) values (72, 'Cyprus', 'CY', 'CYP', '196', '357', 'T');
insert into Country (countryId, name, a2, a3, number_, idd_, active_) values (73, 'Czech Republic', 'CZ', 'CZE', '203', '420', 'T');
insert into Country (countryId, name, a2, a3, number_, idd_, active_) values (74, 'Denmark', 'DK', 'DNK', '208', '045', 'T');
insert into Country (countryId, name, a2, a3, number_, idd_, active_) values (75, 'Djibouti', 'DJ', 'DJI', '262', '253', 'T');
insert into Country (countryId, name, a2, a3, number_, idd_, active_) values (76, 'Dominica', 'DM', 'DMA', '212', '767', 'T');
insert into Country (countryId, name, a2, a3, number_, idd_, active_) values (77, 'Dominican Republic', 'DO', 'DOM', '214', '809', 'T');
insert into Country (countryId, name, a2, a3, number_, idd_, active_) values (78, 'Ecuador', 'EC', 'ECU', '218', '593', 'T');
insert into Country (countryId, name, a2, a3, number_, idd_, active_) values (79, 'Egypt', 'EG', 'EGY', '818', '020', 'T');
insert into Country (countryId, name, a2, a3, number_, idd_, active_) values (80, 'El Salvador', 'SV', 'SLV', '222', '503', 'T');
insert into Country (countryId, name, a2, a3, number_, idd_, active_) values (81, 'Equatorial Guinea', 'GQ', 'GNQ', '226', '240', 'T');
insert into Country (countryId, name, a2, a3, number_, idd_, active_) values (82, 'Eritrea', 'ER', 'ERI', '232', '291', 'T');
insert into Country (countryId, name, a2, a3, number_, idd_, active_) values (83, 'Estonia', 'EE', 'EST', '233', '372', 'T');
insert into Country (countryId, name, a2, a3, number_, idd_, active_) values (84, 'Ethiopia', 'ET', 'ETH', '231', '251', 'T');
insert into Country (countryId, name, a2, a3, number_, idd_, active_) values (85, 'Faeroe Islands', 'FO', 'FRO', '234', '298', 'T');
insert into Country (countryId, name, a2, a3, number_, idd_, active_) values (86, 'Falkland Islands', 'FK', 'FLK', '238', '500', 'T');
insert into Country (countryId, name, a2, a3, number_, idd_, active_) values (87, 'Fiji Islands', 'FJ', 'FJI', '242', '679', 'T');
insert into Country (countryId, name, a2, a3, number_, idd_, active_) values (88, 'Finland', 'FI', 'FIN', '246', '358', 'T');
insert into Country (countryId, name, a2, a3, number_, idd_, active_) values (89, 'French Guiana', 'GF', 'GUF', '254', '594', 'T');
insert into Country (countryId, name, a2, a3, number_, idd_, active_) values (90, 'French Polynesia', 'PF', 'PYF', '258', '689', 'T');
insert into Country (countryId, name, a2, a3, number_, idd_, active_) values (91, 'Gabon', 'GA', 'GAB', '266', '241', 'T');
insert into Country (countryId, name, a2, a3, number_, idd_, active_) values (92, 'Gambia', 'GM', 'GMB', '270', '220', 'T');
insert into Country (countryId, name, a2, a3, number_, idd_, active_) values (93, 'Georgia', 'GE', 'GEO', '268', '995', 'T');
insert into Country (countryId, name, a2, a3, number_, idd_, active_) values (94, 'Ghana', 'GH', 'GHA', '288', '233', 'T');
insert into Country (countryId, name, a2, a3, number_, idd_, active_) values (95, 'Gibraltar', 'GI', 'GIB', '292', '350', 'T');
insert into Country (countryId, name, a2, a3, number_, idd_, active_) values (96, 'Greece', 'GR', 'GRC', '300', '030', 'T');
insert into Country (countryId, name, a2, a3, number_, idd_, active_) values (97, 'Greenland', 'GL', 'GRL', '304', '299', 'T');
insert into Country (countryId, name, a2, a3, number_, idd_, active_) values (98, 'Grenada', 'GD', 'GRD', '308', '473', 'T');
insert into Country (countryId, name, a2, a3, number_, idd_, active_) values (99, 'Guadeloupe', 'GP', 'GLP', '312', '590', 'T');
insert into Country (countryId, name, a2, a3, number_, idd_, active_) values (100, 'Guam', 'GU', 'GUM', '316', '671', 'T');
insert into Country (countryId, name, a2, a3, number_, idd_, active_) values (101, 'Guatemala', 'GT', 'GTM', '320', '502', 'T');
insert into Country (countryId, name, a2, a3, number_, idd_, active_) values (102, 'Guinea', 'GN', 'GIN', '324', '224', 'T');
insert into Country (countryId, name, a2, a3, number_, idd_, active_) values (103, 'Guinea-Bissau', 'GW', 'GNB', '624', '245', 'T');
insert into Country (countryId, name, a2, a3, number_, idd_, active_) values (104, 'Guyana', 'GY', 'GUY', '328', '592', 'T');
insert into Country (countryId, name, a2, a3, number_, idd_, active_) values (105, 'Haiti', 'HT', 'HTI', '332', '509', 'T');
insert into Country (countryId, name, a2, a3, number_, idd_, active_) values (106, 'Honduras', 'HN', 'HND', '340', '504', 'T');
insert into Country (countryId, name, a2, a3, number_, idd_, active_) values (107, 'Iceland', 'IS', 'ISL', '352', '354', 'T');
insert into Country (countryId, name, a2, a3, number_, idd_, active_) values (108, 'India', 'IN', 'IND', '356', '091', 'T');
insert into Country (countryId, name, a2, a3, number_, idd_, active_) values (109, 'Indonesia', 'ID', 'IDN', '360', '062', 'T');
insert into Country (countryId, name, a2, a3, number_, idd_, active_) values (110, 'Iran', 'IR', 'IRN', '364', '098', 'T');
insert into Country (countryId, name, a2, a3, number_, idd_, active_) values (111, 'Iraq', 'IQ', 'IRQ', '368', '964', 'T');
insert into Country (countryId, name, a2, a3, number_, idd_, active_) values (112, 'Ireland', 'IE', 'IRL', '372', '353', 'T');
insert into Country (countryId, name, a2, a3, number_, idd_, active_) values (113, 'Ivory Coast', 'CI', 'CIV', '384', '225', 'T');
insert into Country (countryId, name, a2, a3, number_, idd_, active_) values (114, 'Jamaica', 'JM', 'JAM', '388', '876', 'T');
insert into Country (countryId, name, a2, a3, number_, idd_, active_) values (115, 'Jordan', 'JO', 'JOR', '400', '962', 'T');
insert into Country (countryId, name, a2, a3, number_, idd_, active_) values (116, 'Kazakhstan', 'KZ', 'KAZ', '398', '007', 'T');
insert into Country (countryId, name, a2, a3, number_, idd_, active_) values (117, 'Kenya', 'KE', 'KEN', '404', '254', 'T');
insert into Country (countryId, name, a2, a3, number_, idd_, active_) values (118, 'Kiribati', 'KI', 'KIR', '408', '686', 'T');
insert into Country (countryId, name, a2, a3, number_, idd_, active_) values (119, 'Kuwait', 'KW', 'KWT', '414', '965', 'T');
insert into Country (countryId, name, a2, a3, number_, idd_, active_) values (120, 'North Korea', 'KP', 'PRK', '408', '850', 'T');
insert into Country (countryId, name, a2, a3, number_, idd_, active_) values (121, 'Kyrgyzstan', 'KG', 'KGZ', '471', '996', 'T');
insert into Country (countryId, name, a2, a3, number_, idd_, active_) values (122, 'Laos', 'LA', 'LAO', '418', '856', 'T');
insert into Country (countryId, name, a2, a3, number_, idd_, active_) values (123, 'Latvia', 'LV', 'LVA', '428', '371', 'T');
insert into Country (countryId, name, a2, a3, number_, idd_, active_) values (124, 'Lebanon', 'LB', 'LBN', '422', '961', 'T');
insert into Country (countryId, name, a2, a3, number_, idd_, active_) values (125, 'Lesotho', 'LS', 'LSO', '426', '266', 'T');
insert into Country (countryId, name, a2, a3, number_, idd_, active_) values (126, 'Liberia', 'LR', 'LBR', '430', '231', 'T');
insert into Country (countryId, name, a2, a3, number_, idd_, active_) values (127, 'Libya', 'LY', 'LBY', '434', '218', 'T');
insert into Country (countryId, name, a2, a3, number_, idd_, active_) values (128, 'Liechtenstein', 'LI', 'LIE', '438', '423', 'T');
insert into Country (countryId, name, a2, a3, number_, idd_, active_) values (129, 'Lithuania', 'LT', 'LTU', '440', '370', 'T');
insert into Country (countryId, name, a2, a3, number_, idd_, active_) values (130, 'Luxembourg', 'LU', 'LUX', '442', '352', 'T');
insert into Country (countryId, name, a2, a3, number_, idd_, active_) values (131, 'Macau', 'MO', 'MAC', '446', '853', 'T');
insert into Country (countryId, name, a2, a3, number_, idd_, active_) values (132, 'Macedonia', 'MK', 'MKD', '807', '389', 'T');
insert into Country (countryId, name, a2, a3, number_, idd_, active_) values (133, 'Madagascar', 'MG', 'MDG', '450', '261', 'T');
insert into Country (countryId, name, a2, a3, number_, idd_, active_) values (134, 'Malawi', 'MW', 'MWI', '454', '265', 'T');
insert into Country (countryId, name, a2, a3, number_, idd_, active_) values (135, 'Malaysia', 'MY', 'MYS', '458', '060', 'T');
insert into Country (countryId, name, a2, a3, number_, idd_, active_) values (136, 'Maldives', 'MV', 'MDV', '462', '960', 'T');
insert into Country (countryId, name, a2, a3, number_, idd_, active_) values (137, 'Mali', 'ML', 'MLI', '466', '223', 'T');
insert into Country (countryId, name, a2, a3, number_, idd_, active_) values (138, 'Malta', 'MT', 'MLT', '470', '356', 'T');
insert into Country (countryId, name, a2, a3, number_, idd_, active_) values (139, 'Marshall Islands', 'MH', 'MHL', '584', '692', 'T');
insert into Country (countryId, name, a2, a3, number_, idd_, active_) values (140, 'Martinique', 'MQ', 'MTQ', '474', '596', 'T');
insert into Country (countryId, name, a2, a3, number_, idd_, active_) values (141, 'Mauritania', 'MR', 'MRT', '478', '222', 'T');
insert into Country (countryId, name, a2, a3, number_, idd_, active_) values (142, 'Mauritius', 'MU', 'MUS', '480', '230', 'T');
insert into Country (countryId, name, a2, a3, number_, idd_, active_) values (143, 'Mayotte Island', 'YT', 'MYT', '175', '269', 'T');
insert into Country (countryId, name, a2, a3, number_, idd_, active_) values (144, 'Mexico', 'MX', 'MEX', '484', '052', 'T');
insert into Country (countryId, name, a2, a3, number_, idd_, active_) values (145, 'Micronesia', 'FM', 'FSM', '583', '691', 'T');
insert into Country (countryId, name, a2, a3, number_, idd_, active_) values (146, 'Moldova', 'MD', 'MDA', '498', '373', 'T');
insert into Country (countryId, name, a2, a3, number_, idd_, active_) values (147, 'Monaco', 'MC', 'MCO', '492', '377', 'T');
insert into Country (countryId, name, a2, a3, number_, idd_, active_) values (148, 'Mongolia', 'MN', 'MNG', '496', '976', 'T');
insert into Country (countryId, name, a2, a3, number_, idd_, active_) values (149, 'Montenegro', 'ME', 'MNE', '499', '382', 'T');
insert into Country (countryId, name, a2, a3, number_, idd_, active_) values (150, 'Montserrat', 'MS', 'MSR', '500', '664', 'T');
insert into Country (countryId, name, a2, a3, number_, idd_, active_) values (151, 'Morocco', 'MA', 'MAR', '504', '212', 'T');
insert into Country (countryId, name, a2, a3, number_, idd_, active_) values (152, 'Mozambique', 'MZ', 'MOZ', '508', '258', 'T');
insert into Country (countryId, name, a2, a3, number_, idd_, active_) values (153, 'Namibia', 'NA', 'NAM', '516', '264', 'T');
insert into Country (countryId, name, a2, a3, number_, idd_, active_) values (154, 'Nauru', 'NR', 'NRU', '520', '674', 'T');
insert into Country (countryId, name, a2, a3, number_, idd_, active_) values (155, 'Nepal', 'NP', 'NPL', '524', '977', 'T');
insert into Country (countryId, name, a2, a3, number_, idd_, active_) values (156, 'Netherlands Antilles', 'AN', 'ANT', '530', '599', 'T');
insert into Country (countryId, name, a2, a3, number_, idd_, active_) values (157, 'New Caledonia', 'NC', 'NCL', '540', '687', 'T');
insert into Country (countryId, name, a2, a3, number_, idd_, active_) values (158, 'New Zealand', 'NZ', 'NZL', '554', '064', 'T');
insert into Country (countryId, name, a2, a3, number_, idd_, active_) values (159, 'Nicaragua', 'NI', 'NIC', '558', '505', 'T');
insert into Country (countryId, name, a2, a3, number_, idd_, active_) values (160, 'Niger', 'NE', 'NER', '562', '227', 'T');
insert into Country (countryId, name, a2, a3, number_, idd_, active_) values (161, 'Nigeria', 'NG', 'NGA', '566', '234', 'T');
insert into Country (countryId, name, a2, a3, number_, idd_, active_) values (162, 'Niue', 'NU', 'NIU', '570', '683', 'T');
insert into Country (countryId, name, a2, a3, number_, idd_, active_) values (163, 'Norfolk Island', 'NF', 'NFK', '574', '672', 'T');
insert into Country (countryId, name, a2, a3, number_, idd_, active_) values (164, 'Norway', 'NO', 'NOR', '578', '047', 'T');
insert into Country (countryId, name, a2, a3, number_, idd_, active_) values (165, 'Oman', 'OM', 'OMN', '512', '968', 'T');
insert into Country (countryId, name, a2, a3, number_, idd_, active_) values (166, 'Pakistan', 'PK', 'PAK', '586', '092', 'T');
insert into Country (countryId, name, a2, a3, number_, idd_, active_) values (167, 'Palau', 'PW', 'PLW', '585', '680', 'T');
insert into Country (countryId, name, a2, a3, number_, idd_, active_) values (168, 'Palestine', 'PS', 'PSE', '275', '970', 'T');
insert into Country (countryId, name, a2, a3, number_, idd_, active_) values (169, 'Panama', 'PA', 'PAN', '591', '507', 'T');
insert into Country (countryId, name, a2, a3, number_, idd_, active_) values (170, 'Papua New Guinea', 'PG', 'PNG', '598', '675', 'T');
insert into Country (countryId, name, a2, a3, number_, idd_, active_) values (171, 'Paraguay', 'PY', 'PRY', '600', '595', 'T');
insert into Country (countryId, name, a2, a3, number_, idd_, active_) values (172, 'Peru', 'PE', 'PER', '604', '051', 'T');
insert into Country (countryId, name, a2, a3, number_, idd_, active_) values (173, 'Philippines', 'PH', 'PHL', '608', '063', 'T');
insert into Country (countryId, name, a2, a3, number_, idd_, active_) values (174, 'Poland', 'PL', 'POL', '616', '048', 'T');
insert into Country (countryId, name, a2, a3, number_, idd_, active_) values (175, 'Puerto Rico', 'PR', 'PRI', '630', '787', 'T');
insert into Country (countryId, name, a2, a3, number_, idd_, active_) values (176, 'Qatar', 'QA', 'QAT', '634', '974', 'T');
insert into Country (countryId, name, a2, a3, number_, idd_, active_) values (177, 'Reunion Island', 'RE', 'REU', '638', '262', 'T');
insert into Country (countryId, name, a2, a3, number_, idd_, active_) values (178, 'Romania', 'RO', 'ROU', '642', '040', 'T');
insert into Country (countryId, name, a2, a3, number_, idd_, active_) values (179, 'Rwanda', 'RW', 'RWA', '646', '250', 'T');
insert into Country (countryId, name, a2, a3, number_, idd_, active_) values (180, 'St. Helena', 'SH', 'SHN', '654', '290', 'T');
insert into Country (countryId, name, a2, a3, number_, idd_, active_) values (181, 'St. Kitts', 'KN', 'KNA', '659', '869', 'T');
insert into Country (countryId, name, a2, a3, number_, idd_, active_) values (182, 'St. Lucia', 'LC', 'LCA', '662', '758', 'T');
insert into Country (countryId, name, a2, a3, number_, idd_, active_) values (183, 'St. Pierre & Miquelon', 'PM', 'SPM', '666', '508', 'T');
insert into Country (countryId, name, a2, a3, number_, idd_, active_) values (184, 'St. Vincent', 'VC', 'VCT', '670', '784', 'T');
insert into Country (countryId, name, a2, a3, number_, idd_, active_) values (185, 'San Marino', 'SM', 'SMR', '674', '378', 'T');
insert into Country (countryId, name, a2, a3, number_, idd_, active_) values (186, 'Sao Tome & Principe', 'ST', 'STP', '678', '239', 'T');
insert into Country (countryId, name, a2, a3, number_, idd_, active_) values (187, 'Saudi Arabia', 'SA', 'SAU', '682', '966', 'T');
insert into Country (countryId, name, a2, a3, number_, idd_, active_) values (188, 'Senegal', 'SN', 'SEN', '686', '221', 'T');
insert into Country (countryId, name, a2, a3, number_, idd_, active_) values (189, 'Serbia', 'RS', 'SRB', '688', '381', 'T');
insert into Country (countryId, name, a2, a3, number_, idd_, active_) values (190, 'Seychelles', 'SC', 'SYC', '690', '248', 'T');
insert into Country (countryId, name, a2, a3, number_, idd_, active_) values (191, 'Sierra Leone', 'SL', 'SLE', '694', '249', 'T');
insert into Country (countryId, name, a2, a3, number_, idd_, active_) values (192, 'Slovakia', 'SK', 'SVK', '703', '421', 'T');
insert into Country (countryId, name, a2, a3, number_, idd_, active_) values (193, 'Slovenia', 'SI', 'SVN', '705', '386', 'T');
insert into Country (countryId, name, a2, a3, number_, idd_, active_) values (194, 'Solomon Islands', 'SB', 'SLB', '90', '677', 'T');
insert into Country (countryId, name, a2, a3, number_, idd_, active_) values (195, 'Somalia', 'SO', 'SOM', '706', '252', 'T');
insert into Country (countryId, name, a2, a3, number_, idd_, active_) values (196, 'South Africa', 'ZA', 'ZAF', '710', '027', 'T');
insert into Country (countryId, name, a2, a3, number_, idd_, active_) values (197, 'Sri Lanka', 'LK', 'LKA', '144', '094', 'T');
insert into Country (countryId, name, a2, a3, number_, idd_, active_) values (198, 'Sudan', 'SD', 'SDN', '736', '095', 'T');
insert into Country (countryId, name, a2, a3, number_, idd_, active_) values (199, 'Suriname', 'SR', 'SUR', '740', '597', 'T');
insert into Country (countryId, name, a2, a3, number_, idd_, active_) values (200, 'Swaziland', 'SZ', 'SWZ', '748', '268', 'T');
insert into Country (countryId, name, a2, a3, number_, idd_, active_) values (201, 'Sweden', 'SE', 'SWE', '752', '046', 'T');
insert into Country (countryId, name, a2, a3, number_, idd_, active_) values (202, 'Switzerland', 'CH', 'CHE', '756', '041', 'T');
insert into Country (countryId, name, a2, a3, number_, idd_, active_) values (203, 'Syria', 'SY', 'SYR', '760', '963', 'T');
insert into Country (countryId, name, a2, a3, number_, idd_, active_) values (204, 'Taiwan', 'TW', 'TWN', '158', '886', 'T');
insert into Country (countryId, name, a2, a3, number_, idd_, active_) values (205, 'Tajikistan', 'TJ', 'TJK', '762', '992', 'T');
insert into Country (countryId, name, a2, a3, number_, idd_, active_) values (206, 'Tanzania', 'TZ', 'TZA', '834', '255', 'T');
insert into Country (countryId, name, a2, a3, number_, idd_, active_) values (207, 'Thailand', 'TH', 'THA', '764', '066', 'T');
insert into Country (countryId, name, a2, a3, number_, idd_, active_) values (208, 'Togo', 'TG', 'TGO', '768', '228', 'T');
insert into Country (countryId, name, a2, a3, number_, idd_, active_) values (209, 'Tonga', 'TO', 'TON', '776', '676', 'T');
insert into Country (countryId, name, a2, a3, number_, idd_, active_) values (210, 'Trinidad & Tobago', 'TT', 'TTO', '780', '868', 'T');
insert into Country (countryId, name, a2, a3, number_, idd_, active_) values (211, 'Tunisia', 'TN', 'TUN', '788', '216', 'T');
insert into Country (countryId, name, a2, a3, number_, idd_, active_) values (212, 'Turkmenistan', 'TM', 'TKM', '795', '993', 'T');
insert into Country (countryId, name, a2, a3, number_, idd_, active_) values (213, 'Turks & Caicos', 'TC', 'TCA', '796', '649', 'T');
insert into Country (countryId, name, a2, a3, number_, idd_, active_) values (214, 'Tuvalu', 'TV', 'TUV', '798', '688', 'T');
insert into Country (countryId, name, a2, a3, number_, idd_, active_) values (215, 'Uganda', 'UG', 'UGA', '800', '256', 'T');
insert into Country (countryId, name, a2, a3, number_, idd_, active_) values (216, 'Ukraine', 'UA', 'UKR', '804', '380', 'T');
insert into Country (countryId, name, a2, a3, number_, idd_, active_) values (217, 'United Arab Emirates', 'AE', 'ARE', '784', '971', 'T');
insert into Country (countryId, name, a2, a3, number_, idd_, active_) values (218, 'Uruguay', 'UY', 'URY', '858', '598', 'T');
insert into Country (countryId, name, a2, a3, number_, idd_, active_) values (219, 'Uzbekistan', 'UZ', 'UZB', '860', '998', 'T');
insert into Country (countryId, name, a2, a3, number_, idd_, active_) values (220, 'Vanuatu', 'VU', 'VUT', '548', '678', 'T');
insert into Country (countryId, name, a2, a3, number_, idd_, active_) values (221, 'Vatican City', 'VA', 'VAT', '336', '039', 'T');
insert into Country (countryId, name, a2, a3, number_, idd_, active_) values (222, 'Venezuela', 'VE', 'VEN', '862', '058', 'T');
insert into Country (countryId, name, a2, a3, number_, idd_, active_) values (223, 'Wallis & Futuna', 'WF', 'WLF', '876', '681', 'T');
insert into Country (countryId, name, a2, a3, number_, idd_, active_) values (224, 'Western Samoa', 'EH', 'ESH', '732', '685', 'T');
insert into Country (countryId, name, a2, a3, number_, idd_, active_) values (225, 'Yemen', 'YE', 'YEM', '887', '967', 'T');
insert into Country (countryId, name, a2, a3, number_, idd_, active_) values (226, 'Zambia', 'ZM', 'ZMB', '894', '260', 'T');
insert into Country (countryId, name, a2, a3, number_, idd_, active_) values (227, 'Zimbabwe', 'ZW', 'ZWE', '716', '263', 'T');

insert into Region (regionId, countryId, regionCode, name, active_) values (1001, 1, 'AB', 'Alberta', 'T');
insert into Region (regionId, countryId, regionCode, name, active_) values (1002, 1, 'BC', 'British Columbia', 'T');
insert into Region (regionId, countryId, regionCode, name, active_) values (1003, 1, 'MB', 'Manitoba', 'T');
insert into Region (regionId, countryId, regionCode, name, active_) values (1004, 1, 'NB', 'New Brunswick', 'T');
insert into Region (regionId, countryId, regionCode, name, active_) values (1005, 1, 'NL', 'Newfoundland and Labrador', 'T');
insert into Region (regionId, countryId, regionCode, name, active_) values (1006, 1, 'NT', 'Northwest Territories', 'T');
insert into Region (regionId, countryId, regionCode, name, active_) values (1007, 1, 'NS', 'Nova Scotia', 'T');
insert into Region (regionId, countryId, regionCode, name, active_) values (1008, 1, 'NU', 'Nunavut', 'T');
insert into Region (regionId, countryId, regionCode, name, active_) values (1009, 1, 'ON', 'Ontario', 'T');
insert into Region (regionId, countryId, regionCode, name, active_) values (1010, 1, 'PE', 'Prince Edward Island', 'T');
insert into Region (regionId, countryId, regionCode, name, active_) values (1011, 1, 'QC', 'Quebec', 'T');
insert into Region (regionId, countryId, regionCode, name, active_) values (1012, 1, 'SK', 'Saskatchewan', 'T');
insert into Region (regionId, countryId, regionCode, name, active_) values (1013, 1, 'YT', 'Yukon', 'T');
insert into Region (regionId, countryId, regionCode, name, active_) values (3001, 3, 'A', 'Alsace', 'T');
insert into Region (regionId, countryId, regionCode, name, active_) values (3002, 3, 'B', 'Aquitaine', 'T');
insert into Region (regionId, countryId, regionCode, name, active_) values (3003, 3, 'C', 'Auvergne', 'T');
insert into Region (regionId, countryId, regionCode, name, active_) values (3004, 3, 'P', 'Basse-Normandie', 'T');
insert into Region (regionId, countryId, regionCode, name, active_) values (3005, 3, 'D', 'Bourgogne', 'T');
insert into Region (regionId, countryId, regionCode, name, active_) values (3006, 3, 'E', 'Bretagne', 'T');
insert into Region (regionId, countryId, regionCode, name, active_) values (3007, 3, 'F', 'Centre', 'T');
insert into Region (regionId, countryId, regionCode, name, active_) values (3008, 3, 'G', 'Champagne-Ardenne', 'T');
insert into Region (regionId, countryId, regionCode, name, active_) values (3009, 3, 'H', 'Corse', 'T');
insert into Region (regionId, countryId, regionCode, name, active_) values (3010, 3, 'GF', 'Guyane', 'T');
insert into Region (regionId, countryId, regionCode, name, active_) values (3011, 3, 'I', 'Franche Comt', 'T');
insert into Region (regionId, countryId, regionCode, name, active_) values (3012, 3, 'GP', 'Guadeloupe', 'T');
insert into Region (regionId, countryId, regionCode, name, active_) values (3013, 3, 'Q', 'Haute-Normandie', 'T');
insert into Region (regionId, countryId, regionCode, name, active_) values (3014, 3, 'J', 'le-de-France', 'T');
insert into Region (regionId, countryId, regionCode, name, active_) values (3015, 3, 'K', 'Languedoc-Roussillon', 'T');
insert into Region (regionId, countryId, regionCode, name, active_) values (3016, 3, 'L', 'Limousin', 'T');
insert into Region (regionId, countryId, regionCode, name, active_) values (3017, 3, 'M', 'Lorraine', 'T');
insert into Region (regionId, countryId, regionCode, name, active_) values (3018, 3, 'MQ', 'Martinique', 'T');
insert into Region (regionId, countryId, regionCode, name, active_) values (3019, 3, 'N', 'Midi-Pyrnes', 'T');
insert into Region (regionId, countryId, regionCode, name, active_) values (3020, 3, 'O', 'Nord Pas de Calais', 'T');
insert into Region (regionId, countryId, regionCode, name, active_) values (3021, 3, 'R', 'Pays de la Loire', 'T');
insert into Region (regionId, countryId, regionCode, name, active_) values (3022, 3, 'S', 'Picardie', 'T');
insert into Region (regionId, countryId, regionCode, name, active_) values (3023, 3, 'T', 'Poitou-Charentes', 'T');
insert into Region (regionId, countryId, regionCode, name, active_) values (3024, 3, 'U', 'Provence-Alpes-Cte-d\'Azur', 'T');
insert into Region (regionId, countryId, regionCode, name, active_) values (3025, 3, 'RE', 'Runion', 'T');
insert into Region (regionId, countryId, regionCode, name, active_) values (3026, 3, 'V', 'Rhne-Alpes', 'T');
insert into Region (regionId, countryId, regionCode, name, active_) values (4001, 4, 'BW', 'Baden-Wrttemberg', 'T');
insert into Region (regionId, countryId, regionCode, name, active_) values (4002, 4, 'BY', 'Bayern', 'T');
insert into Region (regionId, countryId, regionCode, name, active_) values (4003, 4, 'BE', 'Berlin', 'T');
insert into Region (regionId, countryId, regionCode, name, active_) values (4004, 4, 'BR', 'Brandenburg', 'T');
insert into Region (regionId, countryId, regionCode, name, active_) values (4005, 4, 'HB', 'Bremen', 'T');
insert into Region (regionId, countryId, regionCode, name, active_) values (4006, 4, 'HH', 'Hamburg', 'T');
insert into Region (regionId, countryId, regionCode, name, active_) values (4007, 4, 'HE', 'Hessen', 'T');
insert into Region (regionId, countryId, regionCode, name, active_) values (4008, 4, 'MV', 'Mecklenburg-Vorpommern', 'T');
insert into Region (regionId, countryId, regionCode, name, active_) values (4009, 4, 'NI', 'Niedersachsen', 'T');
insert into Region (regionId, countryId, regionCode, name, active_) values (4010, 4, 'NW', 'Nordrhein-Westfalen', 'T');
insert into Region (regionId, countryId, regionCode, name, active_) values (4011, 4, 'RP', 'Rheinland-Pfalz', 'T');
insert into Region (regionId, countryId, regionCode, name, active_) values (4012, 4, 'SL', 'Saarland', 'T');
insert into Region (regionId, countryId, regionCode, name, active_) values (4013, 4, 'SN', 'Sachsen', 'T');
insert into Region (regionId, countryId, regionCode, name, active_) values (4014, 4, 'ST', 'Sachsen-Anhalt', 'T');
insert into Region (regionId, countryId, regionCode, name, active_) values (4015, 4, 'SH', 'Schleswig-Holstein', 'T');
insert into Region (regionId, countryId, regionCode, name, active_) values (4016, 4, 'TH', 'Thringen', 'T');
insert into Region (regionId, countryId, regionCode, name, active_) values (8001, 8, 'AG', 'Agrigento', 'T');
insert into Region (regionId, countryId, regionCode, name, active_) values (8002, 8, 'AL', 'Alessandria', 'T');
insert into Region (regionId, countryId, regionCode, name, active_) values (8003, 8, 'AN', 'Ancona', 'T');
insert into Region (regionId, countryId, regionCode, name, active_) values (8004, 8, 'AO', 'Aosta', 'T');
insert into Region (regionId, countryId, regionCode, name, active_) values (8005, 8, 'AR', 'Arezzo', 'T');
insert into Region (regionId, countryId, regionCode, name, active_) values (8006, 8, 'AP', 'Ascoli Piceno', 'T');
insert into Region (regionId, countryId, regionCode, name, active_) values (8007, 8, 'AT', 'Asti', 'T');
insert into Region (regionId, countryId, regionCode, name, active_) values (8008, 8, 'AV', 'Avellino', 'T');
insert into Region (regionId, countryId, regionCode, name, active_) values (8009, 8, 'BA', 'Bari', 'T');
insert into Region (regionId, countryId, regionCode, name, active_) values (8010, 8, 'BT', 'Barletta-Andria-Trani', 'T');
insert into Region (regionId, countryId, regionCode, name, active_) values (8011, 8, 'BL', 'Belluno', 'T');
insert into Region (regionId, countryId, regionCode, name, active_) values (8012, 8, 'BN', 'Benevento', 'T');
insert into Region (regionId, countryId, regionCode, name, active_) values (8013, 8, 'BG', 'Bergamo', 'T');
insert into Region (regionId, countryId, regionCode, name, active_) values (8014, 8, 'BI', 'Biella', 'T');
insert into Region (regionId, countryId, regionCode, name, active_) values (8015, 8, 'BO', 'Bologna', 'T');
insert into Region (regionId, countryId, regionCode, name, active_) values (8016, 8, 'BZ', 'Bolzano', 'T');
insert into Region (regionId, countryId, regionCode, name, active_) values (8017, 8, 'BS', 'Brescia', 'T');
insert into Region (regionId, countryId, regionCode, name, active_) values (8018, 8, 'BR', 'Brindisi', 'T');
insert into Region (regionId, countryId, regionCode, name, active_) values (8019, 8, 'CA', 'Cagliari', 'T');
insert into Region (regionId, countryId, regionCode, name, active_) values (8020, 8, 'CL', 'Caltanissetta', 'T');
insert into Region (regionId, countryId, regionCode, name, active_) values (8021, 8, 'CB', 'Campobasso', 'T');
insert into Region (regionId, countryId, regionCode, name, active_) values (8022, 8, 'CI', 'Carbonia-Iglesias', 'T');
insert into Region (regionId, countryId, regionCode, name, active_) values (8023, 8, 'CE', 'Caserta', 'T');
insert into Region (regionId, countryId, regionCode, name, active_) values (8024, 8, 'CT', 'Catania', 'T');
insert into Region (regionId, countryId, regionCode, name, active_) values (8025, 8, 'CZ', 'Catanzaro', 'T');
insert into Region (regionId, countryId, regionCode, name, active_) values (8026, 8, 'CH', 'Chieti', 'T');
insert into Region (regionId, countryId, regionCode, name, active_) values (8027, 8, 'CO', 'Como', 'T');
insert into Region (regionId, countryId, regionCode, name, active_) values (8028, 8, 'CS', 'Cosenza', 'T');
insert into Region (regionId, countryId, regionCode, name, active_) values (8029, 8, 'CR', 'Cremona', 'T');
insert into Region (regionId, countryId, regionCode, name, active_) values (8030, 8, 'KR', 'Crotone', 'T');
insert into Region (regionId, countryId, regionCode, name, active_) values (8031, 8, 'CN', 'Cuneo', 'T');
insert into Region (regionId, countryId, regionCode, name, active_) values (8032, 8, 'EN', 'Enna', 'T');
insert into Region (regionId, countryId, regionCode, name, active_) values (8033, 8, 'FM', 'Fermo', 'T');
insert into Region (regionId, countryId, regionCode, name, active_) values (8034, 8, 'FE', 'Ferrara', 'T');
insert into Region (regionId, countryId, regionCode, name, active_) values (8035, 8, 'FI', 'Firenze', 'T');
insert into Region (regionId, countryId, regionCode, name, active_) values (8036, 8, 'FG', 'Foggia', 'T');
insert into Region (regionId, countryId, regionCode, name, active_) values (8037, 8, 'FC', 'Forli-Cesena', 'T');
insert into Region (regionId, countryId, regionCode, name, active_) values (8038, 8, 'FR', 'Frosinone', 'T');
insert into Region (regionId, countryId, regionCode, name, active_) values (8039, 8, 'GE', 'Genova', 'T');
insert into Region (regionId, countryId, regionCode, name, active_) values (8040, 8, 'GO', 'Gorizia', 'T');
insert into Region (regionId, countryId, regionCode, name, active_) values (8041, 8, 'GR', 'Grosseto', 'T');
insert into Region (regionId, countryId, regionCode, name, active_) values (8042, 8, 'IM', 'Imperia', 'T');
insert into Region (regionId, countryId, regionCode, name, active_) values (8043, 8, 'IS', 'Isernia', 'T');
insert into Region (regionId, countryId, regionCode, name, active_) values (8044, 8, 'AQ', 'L''Aquila', 'T');
insert into Region (regionId, countryId, regionCode, name, active_) values (8045, 8, 'SP', 'La Spezia', 'T');
insert into Region (regionId, countryId, regionCode, name, active_) values (8046, 8, 'LT', 'Latina', 'T');
insert into Region (regionId, countryId, regionCode, name, active_) values (8047, 8, 'LE', 'Lecce', 'T');
insert into Region (regionId, countryId, regionCode, name, active_) values (8048, 8, 'LC', 'Lecco', 'T');
insert into Region (regionId, countryId, regionCode, name, active_) values (8049, 8, 'LI', 'Livorno', 'T');
insert into Region (regionId, countryId, regionCode, name, active_) values (8050, 8, 'LO', 'Lodi', 'T');
insert into Region (regionId, countryId, regionCode, name, active_) values (8051, 8, 'LU', 'Lucca', 'T');
insert into Region (regionId, countryId, regionCode, name, active_) values (8052, 8, 'MC', 'Macerata', 'T');
insert into Region (regionId, countryId, regionCode, name, active_) values (8053, 8, 'MN', 'Mantova', 'T');
insert into Region (regionId, countryId, regionCode, name, active_) values (8054, 8, 'MS', 'Massa-Carrara', 'T');
insert into Region (regionId, countryId, regionCode, name, active_) values (8055, 8, 'MT', 'Matera', 'T');
insert into Region (regionId, countryId, regionCode, name, active_) values (8056, 8, 'MA', 'Medio Campidano', 'T');
insert into Region (regionId, countryId, regionCode, name, active_) values (8057, 8, 'ME', 'Messina', 'T');
insert into Region (regionId, countryId, regionCode, name, active_) values (8058, 8, 'MI', 'Milano', 'T');
insert into Region (regionId, countryId, regionCode, name, active_) values (8059, 8, 'MO', 'Modena', 'T');
insert into Region (regionId, countryId, regionCode, name, active_) values (8060, 8, 'MZ', 'Monza', 'T');
insert into Region (regionId, countryId, regionCode, name, active_) values (8061, 8, 'NA', 'Napoli', 'T');
insert into Region (regionId, countryId, regionCode, name, active_) values (8062, 8, 'NO', 'Novara', 'T');
insert into Region (regionId, countryId, regionCode, name, active_) values (8063, 8, 'NU', 'Nuoro', 'T');
insert into Region (regionId, countryId, regionCode, name, active_) values (8064, 8, 'OG', 'Ogliastra', 'T');
insert into Region (regionId, countryId, regionCode, name, active_) values (8065, 8, 'OT', 'Olbia-Tempio', 'T');
insert into Region (regionId, countryId, regionCode, name, active_) values (8066, 8, 'OR', 'Oristano', 'T');
insert into Region (regionId, countryId, regionCode, name, active_) values (8067, 8, 'PD', 'Padova', 'T');
insert into Region (regionId, countryId, regionCode, name, active_) values (8068, 8, 'PA', 'Palermo', 'T');
insert into Region (regionId, countryId, regionCode, name, active_) values (8069, 8, 'PR', 'Parma', 'T');
insert into Region (regionId, countryId, regionCode, name, active_) values (8070, 8, 'PV', 'Pavia', 'T');
insert into Region (regionId, countryId, regionCode, name, active_) values (8071, 8, 'PG', 'Perugia', 'T');
insert into Region (regionId, countryId, regionCode, name, active_) values (8072, 8, 'PU', 'Pesaro e Urbino', 'T');
insert into Region (regionId, countryId, regionCode, name, active_) values (8073, 8, 'PE', 'Pescara', 'T');
insert into Region (regionId, countryId, regionCode, name, active_) values (8074, 8, 'PC', 'Piacenza', 'T');
insert into Region (regionId, countryId, regionCode, name, active_) values (8075, 8, 'PI', 'Pisa', 'T');
insert into Region (regionId, countryId, regionCode, name, active_) values (8076, 8, 'PT', 'Pistoia', 'T');
insert into Region (regionId, countryId, regionCode, name, active_) values (8077, 8, 'PN', 'Pordenone', 'T');
insert into Region (regionId, countryId, regionCode, name, active_) values (8078, 8, 'PZ', 'Potenza', 'T');
insert into Region (regionId, countryId, regionCode, name, active_) values (8079, 8, 'PO', 'Prato', 'T');
insert into Region (regionId, countryId, regionCode, name, active_) values (8080, 8, 'RG', 'Ragusa', 'T');
insert into Region (regionId, countryId, regionCode, name, active_) values (8081, 8, 'RA', 'Ravenna', 'T');
insert into Region (regionId, countryId, regionCode, name, active_) values (8082, 8, 'RC', 'Reggio Calabria', 'T');
insert into Region (regionId, countryId, regionCode, name, active_) values (8083, 8, 'RE', 'Reggio Emilia', 'T');
insert into Region (regionId, countryId, regionCode, name, active_) values (8084, 8, 'RI', 'Rieti', 'T');
insert into Region (regionId, countryId, regionCode, name, active_) values (8085, 8, 'RN', 'Rimini', 'T');
insert into Region (regionId, countryId, regionCode, name, active_) values (8086, 8, 'RM', 'Roma', 'T');
insert into Region (regionId, countryId, regionCode, name, active_) values (8087, 8, 'RO', 'Rovigo', 'T');
insert into Region (regionId, countryId, regionCode, name, active_) values (8088, 8, 'SA', 'Salerno', 'T');
insert into Region (regionId, countryId, regionCode, name, active_) values (8089, 8, 'SS', 'Sassari', 'T');
insert into Region (regionId, countryId, regionCode, name, active_) values (8090, 8, 'SV', 'Savona', 'T');
insert into Region (regionId, countryId, regionCode, name, active_) values (8091, 8, 'SI', 'Siena', 'T');
insert into Region (regionId, countryId, regionCode, name, active_) values (8092, 8, 'SR', 'Siracusa', 'T');
insert into Region (regionId, countryId, regionCode, name, active_) values (8093, 8, 'SO', 'Sondrio', 'T');
insert into Region (regionId, countryId, regionCode, name, active_) values (8094, 8, 'TA', 'Taranto', 'T');
insert into Region (regionId, countryId, regionCode, name, active_) values (8095, 8, 'TE', 'Teramo', 'T');
insert into Region (regionId, countryId, regionCode, name, active_) values (8096, 8, 'TR', 'Terni', 'T');
insert into Region (regionId, countryId, regionCode, name, active_) values (8097, 8, 'TO', 'Torino', 'T');
insert into Region (regionId, countryId, regionCode, name, active_) values (8098, 8, 'TP', 'Trapani', 'T');
insert into Region (regionId, countryId, regionCode, name, active_) values (8099, 8, 'TN', 'Trento', 'T');
insert into Region (regionId, countryId, regionCode, name, active_) values (8100, 8, 'TV', 'Treviso', 'T');
insert into Region (regionId, countryId, regionCode, name, active_) values (8101, 8, 'TS', 'Trieste', 'T');
insert into Region (regionId, countryId, regionCode, name, active_) values (8102, 8, 'UD', 'Udine', 'T');
insert into Region (regionId, countryId, regionCode, name, active_) values (8103, 8, 'VA', 'Varese', 'T');
insert into Region (regionId, countryId, regionCode, name, active_) values (8104, 8, 'VE', 'Venezia', 'T');
insert into Region (regionId, countryId, regionCode, name, active_) values (8105, 8, 'VB', 'Verbano-Cusio-Ossola', 'T');
insert into Region (regionId, countryId, regionCode, name, active_) values (8106, 8, 'VC', 'Vercelli', 'T');
insert into Region (regionId, countryId, regionCode, name, active_) values (8107, 8, 'VR', 'Verona', 'T');
insert into Region (regionId, countryId, regionCode, name, active_) values (8108, 8, 'VV', 'Vibo Valentia', 'T');
insert into Region (regionId, countryId, regionCode, name, active_) values (8109, 8, 'VI', 'Vicenza', 'T');
insert into Region (regionId, countryId, regionCode, name, active_) values (8110, 8, 'VT', 'Viterbo', 'T');
insert into Region (regionId, countryId, regionCode, name, active_) values (15001, 15, 'AN', 'Andalusia', 'T');
insert into Region (regionId, countryId, regionCode, name, active_) values (15002, 15, 'AR', 'Aragon', 'T');
insert into Region (regionId, countryId, regionCode, name, active_) values (15003, 15, 'AS', 'Asturias', 'T');
insert into Region (regionId, countryId, regionCode, name, active_) values (15004, 15, 'IB', 'Balearic Islands', 'T');
insert into Region (regionId, countryId, regionCode, name, active_) values (15005, 15, 'PV', 'Basque Country', 'T');
insert into Region (regionId, countryId, regionCode, name, active_) values (15006, 15, 'CN', 'Canary Islands', 'T');
insert into Region (regionId, countryId, regionCode, name, active_) values (15007, 15, 'CB', 'Cantabria', 'T');
insert into Region (regionId, countryId, regionCode, name, active_) values (15008, 15, 'CL', 'Castile and Leon', 'T');
insert into Region (regionId, countryId, regionCode, name, active_) values (15009, 15, 'CM', 'Castile-La Mancha', 'T');
insert into Region (regionId, countryId, regionCode, name, active_) values (15010, 15, 'CT', 'Catalonia', 'T');
insert into Region (regionId, countryId, regionCode, name, active_) values (15011, 15, 'CE', 'Ceuta', 'T');
insert into Region (regionId, countryId, regionCode, name, active_) values (15012, 15, 'EX', 'Extremadura', 'T');
insert into Region (regionId, countryId, regionCode, name, active_) values (15013, 15, 'GA', 'Galicia', 'T');
insert into Region (regionId, countryId, regionCode, name, active_) values (15014, 15, 'LO', 'La Rioja', 'T');
insert into Region (regionId, countryId, regionCode, name, active_) values (15015, 15, 'M', 'Madrid', 'T');
insert into Region (regionId, countryId, regionCode, name, active_) values (15016, 15, 'ML', 'Melilla', 'T');
insert into Region (regionId, countryId, regionCode, name, active_) values (15017, 15, 'MU', 'Murcia', 'T');
insert into Region (regionId, countryId, regionCode, name, active_) values (15018, 15, 'NA', 'Navarra', 'T');
insert into Region (regionId, countryId, regionCode, name, active_) values (15019, 15, 'VC', 'Valencia', 'T');
insert into Region (regionId, countryId, regionCode, name, active_) values (19001, 19, 'AL', 'Alabama', 'T');
insert into Region (regionId, countryId, regionCode, name, active_) values (19002, 19, 'AK', 'Alaska', 'T');
insert into Region (regionId, countryId, regionCode, name, active_) values (19003, 19, 'AZ', 'Arizona', 'T');
insert into Region (regionId, countryId, regionCode, name, active_) values (19004, 19, 'AR', 'Arkansas', 'T');
insert into Region (regionId, countryId, regionCode, name, active_) values (19005, 19, 'CA', 'California', 'T');
insert into Region (regionId, countryId, regionCode, name, active_) values (19006, 19, 'CO', 'Colorado', 'T');
insert into Region (regionId, countryId, regionCode, name, active_) values (19007, 19, 'CT', 'Connecticut', 'T');
insert into Region (regionId, countryId, regionCode, name, active_) values (19008, 19, 'DC', 'District of Columbia', 'T');
insert into Region (regionId, countryId, regionCode, name, active_) values (19009, 19, 'DE', 'Delaware', 'T');
insert into Region (regionId, countryId, regionCode, name, active_) values (19010, 19, 'FL', 'Florida', 'T');
insert into Region (regionId, countryId, regionCode, name, active_) values (19011, 19, 'GA', 'Georgia', 'T');
insert into Region (regionId, countryId, regionCode, name, active_) values (19012, 19, 'HI', 'Hawaii', 'T');
insert into Region (regionId, countryId, regionCode, name, active_) values (19013, 19, 'ID', 'Idaho', 'T');
insert into Region (regionId, countryId, regionCode, name, active_) values (19014, 19, 'IL', 'Illinois', 'T');
insert into Region (regionId, countryId, regionCode, name, active_) values (19015, 19, 'IN', 'Indiana', 'T');
insert into Region (regionId, countryId, regionCode, name, active_) values (19016, 19, 'IA', 'Iowa', 'T');
insert into Region (regionId, countryId, regionCode, name, active_) values (19017, 19, 'KS', 'Kansas', 'T');
insert into Region (regionId, countryId, regionCode, name, active_) values (19018, 19, 'KY', 'Kentucky ', 'T');
insert into Region (regionId, countryId, regionCode, name, active_) values (19019, 19, 'LA', 'Louisiana ', 'T');
insert into Region (regionId, countryId, regionCode, name, active_) values (19020, 19, 'ME', 'Maine', 'T');
insert into Region (regionId, countryId, regionCode, name, active_) values (19021, 19, 'MD', 'Maryland', 'T');
insert into Region (regionId, countryId, regionCode, name, active_) values (19022, 19, 'MA', 'Massachusetts', 'T');
insert into Region (regionId, countryId, regionCode, name, active_) values (19023, 19, 'MI', 'Michigan', 'T');
insert into Region (regionId, countryId, regionCode, name, active_) values (19024, 19, 'MN', 'Minnesota', 'T');
insert into Region (regionId, countryId, regionCode, name, active_) values (19025, 19, 'MS', 'Mississippi', 'T');
insert into Region (regionId, countryId, regionCode, name, active_) values (19026, 19, 'MO', 'Missouri', 'T');
insert into Region (regionId, countryId, regionCode, name, active_) values (19027, 19, 'MT', 'Montana', 'T');
insert into Region (regionId, countryId, regionCode, name, active_) values (19028, 19, 'NE', 'Nebraska', 'T');
insert into Region (regionId, countryId, regionCode, name, active_) values (19029, 19, 'NV', 'Nevada', 'T');
insert into Region (regionId, countryId, regionCode, name, active_) values (19030, 19, 'NH', 'New Hampshire', 'T');
insert into Region (regionId, countryId, regionCode, name, active_) values (19031, 19, 'NJ', 'New Jersey', 'T');
insert into Region (regionId, countryId, regionCode, name, active_) values (19032, 19, 'NM', 'New Mexico', 'T');
insert into Region (regionId, countryId, regionCode, name, active_) values (19033, 19, 'NY', 'New York', 'T');
insert into Region (regionId, countryId, regionCode, name, active_) values (19034, 19, 'NC', 'North Carolina', 'T');
insert into Region (regionId, countryId, regionCode, name, active_) values (19035, 19, 'ND', 'North Dakota', 'T');
insert into Region (regionId, countryId, regionCode, name, active_) values (19036, 19, 'OH', 'Ohio', 'T');
insert into Region (regionId, countryId, regionCode, name, active_) values (19037, 19, 'OK', 'Oklahoma ', 'T');
insert into Region (regionId, countryId, regionCode, name, active_) values (19038, 19, 'OR', 'Oregon', 'T');
insert into Region (regionId, countryId, regionCode, name, active_) values (19039, 19, 'PA', 'Pennsylvania', 'T');
insert into Region (regionId, countryId, regionCode, name, active_) values (19040, 19, 'PR', 'Puerto Rico', 'T');
insert into Region (regionId, countryId, regionCode, name, active_) values (19041, 19, 'RI', 'Rhode Island', 'T');
insert into Region (regionId, countryId, regionCode, name, active_) values (19042, 19, 'SC', 'South Carolina', 'T');
insert into Region (regionId, countryId, regionCode, name, active_) values (19043, 19, 'SD', 'South Dakota', 'T');
insert into Region (regionId, countryId, regionCode, name, active_) values (19044, 19, 'TN', 'Tennessee', 'T');
insert into Region (regionId, countryId, regionCode, name, active_) values (19045, 19, 'TX', 'Texas', 'T');
insert into Region (regionId, countryId, regionCode, name, active_) values (19046, 19, 'UT', 'Utah', 'T');
insert into Region (regionId, countryId, regionCode, name, active_) values (19047, 19, 'VT', 'Vermont', 'T');
insert into Region (regionId, countryId, regionCode, name, active_) values (19048, 19, 'VA', 'Virginia', 'T');
insert into Region (regionId, countryId, regionCode, name, active_) values (19049, 19, 'WA', 'Washington', 'T');
insert into Region (regionId, countryId, regionCode, name, active_) values (19050, 19, 'WV', 'West Virginia', 'T');
insert into Region (regionId, countryId, regionCode, name, active_) values (19051, 19, 'WI', 'Wisconsin', 'T');
insert into Region (regionId, countryId, regionCode, name, active_) values (19052, 19, 'WY', 'Wyoming', 'T');

--
-- List types for accounts
--

insert into ListType (listTypeId, name, type_) values (10000, 'Billing', 'com.liferay.portal.model.Account.address');
insert into ListType (listTypeId, name, type_) values (10001, 'Other', 'com.liferay.portal.model.Account.address');
insert into ListType (listTypeId, name, type_) values (10002, 'P.O. Box', 'com.liferay.portal.model.Account.address');
insert into ListType (listTypeId, name, type_) values (10003, 'Shipping', 'com.liferay.portal.model.Account.address');

insert into ListType (listTypeId, name, type_) values (10004, 'E-mail', 'com.liferay.portal.model.Account.emailAddress');
insert into ListType (listTypeId, name, type_) values (10005, 'E-mail 2', 'com.liferay.portal.model.Account.emailAddress');
insert into ListType (listTypeId, name, type_) values (10006, 'E-mail 3', 'com.liferay.portal.model.Account.emailAddress');

insert into ListType (listTypeId, name, type_) values (10007, 'Fax', 'com.liferay.portal.model.Account.phone');
insert into ListType (listTypeId, name, type_) values (10008, 'Local', 'com.liferay.portal.model.Account.phone');
insert into ListType (listTypeId, name, type_) values (10009, 'Other', 'com.liferay.portal.model.Account.phone');
insert into ListType (listTypeId, name, type_) values (10010, 'Toll-Free', 'com.liferay.portal.model.Account.phone');
insert into ListType (listTypeId, name, type_) values (10011, 'TTY', 'com.liferay.portal.model.Account.phone');

insert into ListType (listTypeId, name, type_) values (10012, 'Intranet', 'com.liferay.portal.model.Account.website');
insert into ListType (listTypeId, name, type_) values (10013, 'Public', 'com.liferay.portal.model.Account.website');

--
-- List types for contacts
--

insert into ListType (listTypeId, name, type_) values (11000, 'Business', 'com.liferay.portal.model.Contact.address');
insert into ListType (listTypeId, name, type_) values (11001, 'Other', 'com.liferay.portal.model.Contact.address');
insert into ListType (listTypeId, name, type_) values (11002, 'Personal', 'com.liferay.portal.model.Contact.address');

insert into ListType (listTypeId, name, type_) values (11003, 'E-mail', 'com.liferay.portal.model.Contact.emailAddress');
insert into ListType (listTypeId, name, type_) values (11004, 'E-mail 2', 'com.liferay.portal.model.Contact.emailAddress');
insert into ListType (listTypeId, name, type_) values (11005, 'E-mail 3', 'com.liferay.portal.model.Contact.emailAddress');

insert into ListType (listTypeId, name, type_) values (11006, 'Business', 'com.liferay.portal.model.Contact.phone');
insert into ListType (listTypeId, name, type_) values (11007, 'Business Fax', 'com.liferay.portal.model.Contact.phone');
insert into ListType (listTypeId, name, type_) values (11008, 'Mobile', 'com.liferay.portal.model.Contact.phone');
insert into ListType (listTypeId, name, type_) values (11009, 'Other', 'com.liferay.portal.model.Contact.phone');
insert into ListType (listTypeId, name, type_) values (11010, 'Pager', 'com.liferay.portal.model.Contact.phone');
insert into ListType (listTypeId, name, type_) values (11011, 'Personal', 'com.liferay.portal.model.Contact.phone');
insert into ListType (listTypeId, name, type_) values (11012, 'Personal Fax', 'com.liferay.portal.model.Contact.phone');
insert into ListType (listTypeId, name, type_) values (11013, 'TTY', 'com.liferay.portal.model.Contact.phone');

insert into ListType (listTypeId, name, type_) values (11014, 'Dr.', 'com.liferay.portal.model.Contact.prefix');
insert into ListType (listTypeId, name, type_) values (11015, 'Mr.', 'com.liferay.portal.model.Contact.prefix');
insert into ListType (listTypeId, name, type_) values (11016, 'Mrs.', 'com.liferay.portal.model.Contact.prefix');
insert into ListType (listTypeId, name, type_) values (11017, 'Ms.', 'com.liferay.portal.model.Contact.prefix');

insert into ListType (listTypeId, name, type_) values (11020, 'II', 'com.liferay.portal.model.Contact.suffix');
insert into ListType (listTypeId, name, type_) values (11021, 'III', 'com.liferay.portal.model.Contact.suffix');
insert into ListType (listTypeId, name, type_) values (11022, 'IV', 'com.liferay.portal.model.Contact.suffix');
insert into ListType (listTypeId, name, type_) values (11023, 'Jr.', 'com.liferay.portal.model.Contact.suffix');
insert into ListType (listTypeId, name, type_) values (11024, 'PhD.', 'com.liferay.portal.model.Contact.suffix');
insert into ListType (listTypeId, name, type_) values (11025, 'Sr.', 'com.liferay.portal.model.Contact.suffix');

insert into ListType (listTypeId, name, type_) values (11026, 'Blog', 'com.liferay.portal.model.Contact.website');
insert into ListType (listTypeId, name, type_) values (11027, 'Business', 'com.liferay.portal.model.Contact.website');
insert into ListType (listTypeId, name, type_) values (11028, 'Other', 'com.liferay.portal.model.Contact.website');
insert into ListType (listTypeId, name, type_) values (11029, 'Personal', 'com.liferay.portal.model.Contact.website');

--
-- List types for organizations
--

insert into ListType (listTypeId, name, type_) values (12000, 'Billing', 'com.liferay.portal.model.Organization.address');
insert into ListType (listTypeId, name, type_) values (12001, 'Other', 'com.liferay.portal.model.Organization.address');
insert into ListType (listTypeId, name, type_) values (12002, 'P.O. Box', 'com.liferay.portal.model.Organization.address');
insert into ListType (listTypeId, name, type_) values (12003, 'Shipping', 'com.liferay.portal.model.Organization.address');

insert into ListType (listTypeId, name, type_) values (12004, 'E-mail', 'com.liferay.portal.model.Organization.emailAddress');
insert into ListType (listTypeId, name, type_) values (12005, 'E-mail 2', 'com.liferay.portal.model.Organization.emailAddress');
insert into ListType (listTypeId, name, type_) values (12006, 'E-mail 3', 'com.liferay.portal.model.Organization.emailAddress');

insert into ListType (listTypeId, name, type_) values (12007, 'Fax', 'com.liferay.portal.model.Organization.phone');
insert into ListType (listTypeId, name, type_) values (12008, 'Local', 'com.liferay.portal.model.Organization.phone');
insert into ListType (listTypeId, name, type_) values (12009, 'Other', 'com.liferay.portal.model.Organization.phone');
insert into ListType (listTypeId, name, type_) values (12010, 'Toll-Free', 'com.liferay.portal.model.Organization.phone');
insert into ListType (listTypeId, name, type_) values (12011, 'TTY', 'com.liferay.portal.model.Organization.phone');

insert into ListType (listTypeId, name, type_) values (12012, 'Administrative', 'com.liferay.portal.model.Organization.service');
insert into ListType (listTypeId, name, type_) values (12013, 'Contracts', 'com.liferay.portal.model.Organization.service');
insert into ListType (listTypeId, name, type_) values (12014, 'Donation', 'com.liferay.portal.model.Organization.service');
insert into ListType (listTypeId, name, type_) values (12015, 'Retail', 'com.liferay.portal.model.Organization.service');
insert into ListType (listTypeId, name, type_) values (12016, 'Training', 'com.liferay.portal.model.Organization.service');

insert into ListType (listTypeId, name, type_) values (12017, 'Full Member', 'com.liferay.portal.model.Organization.status');
insert into ListType (listTypeId, name, type_) values (12018, 'Provisional Member', 'com.liferay.portal.model.Organization.status');

insert into ListType (listTypeId, name, type_) values (12019, 'Intranet', 'com.liferay.portal.model.Organization.website');
insert into ListType (listTypeId, name, type_) values (12020, 'Public', 'com.liferay.portal.model.Organization.website');



insert into Counter values ('com.liferay.counter.model.Counter', 10000);


insert into Release_ (releaseId, createDate, modifiedDate, buildNumber, verified) values (1, CURRENT YEAR TO FRACTION, CURRENT YEAR TO FRACTION, 5203, 'F');


create table QUARTZ_JOB_DETAILS (
	JOB_NAME varchar(80) not null,
	JOB_GROUP varchar(80) not null,
	DESCRIPTION varchar(120),
	JOB_CLASS_NAME varchar(128) not null,
	IS_DURABLE boolean not null,
	IS_VOLATILE boolean not null,
	IS_STATEFUL boolean not null,
	REQUESTS_RECOVERY boolean not null,
	JOB_DATA byte in table,
	primary key (JOB_NAME, JOB_GROUP)
)
extent size 16 next size 16
lock mode row;

create table QUARTZ_JOB_LISTENERS (
	JOB_NAME varchar(80) not null,
	JOB_GROUP varchar(80) not null,
	JOB_LISTENER varchar(80) not null,
	primary key (JOB_NAME, JOB_GROUP, JOB_LISTENER)
)
extent size 16 next size 16
lock mode row;

create table QUARTZ_TRIGGERS (
	TRIGGER_NAME varchar(80) not null,
	TRIGGER_GROUP varchar(80) not null,
	JOB_NAME varchar(80) not null,
	JOB_GROUP varchar(80) not null,
	IS_VOLATILE boolean not null,
	DESCRIPTION varchar(120),
	NEXT_FIRE_TIME int8,
	PREV_FIRE_TIME int8,
	PRIORITY int,
	TRIGGER_STATE varchar(16) not null,
	TRIGGER_TYPE varchar(8) not null,
	START_TIME int8 not null,
	END_TIME int8,
	CALENDAR_NAME varchar(80),
	MISFIRE_INSTR int,
	JOB_DATA byte in table,
	primary key (TRIGGER_NAME, TRIGGER_GROUP)
)
extent size 16 next size 16
lock mode row;

create table QUARTZ_SIMPLE_TRIGGERS (
	TRIGGER_NAME varchar(80) not null,
	TRIGGER_GROUP varchar(80) not null,
	REPEAT_COUNT int8 not null,
	REPEAT_INTERVAL int8 not null,
	TIMES_TRIGGERED int8 not null,
	primary key (TRIGGER_NAME, TRIGGER_GROUP)
)
extent size 16 next size 16
lock mode row;

create table QUARTZ_CRON_TRIGGERS (
	TRIGGER_NAME varchar(80) not null,
	TRIGGER_GROUP varchar(80) not null,
	CRON_EXPRESSION varchar(80) not null,
	TIME_ZONE_ID varchar(80),
	primary key (TRIGGER_NAME, TRIGGER_GROUP)
)
extent size 16 next size 16
lock mode row;

create table QUARTZ_BLOB_TRIGGERS (
	TRIGGER_NAME varchar(80) not null,
	TRIGGER_GROUP varchar(80) not null,
	BLOB_DATA byte in table,
	primary key (TRIGGER_NAME, TRIGGER_GROUP)
)
extent size 16 next size 16
lock mode row;

create table QUARTZ_TRIGGER_LISTENERS (
	TRIGGER_NAME varchar(80) not null,
	TRIGGER_GROUP varchar(80) not null,
	TRIGGER_LISTENER varchar(80) not null,
	primary key (TRIGGER_NAME, TRIGGER_GROUP, TRIGGER_LISTENER)
)
extent size 16 next size 16
lock mode row;

create table QUARTZ_CALENDARS (
	CALENDAR_NAME varchar(80) not null primary key,
	CALENDAR byte in table not null
)
extent size 16 next size 16
lock mode row;

create table QUARTZ_PAUSED_TRIGGER_GRPS (
	TRIGGER_GROUP varchar(80) not null primary key
)
extent size 16 next size 16
lock mode row;

create table QUARTZ_FIRED_TRIGGERS (
	ENTRY_ID varchar(95) not null primary key,
	TRIGGER_NAME varchar(80) not null,
	TRIGGER_GROUP varchar(80) not null,
	IS_VOLATILE boolean not null,
	INSTANCE_NAME varchar(80) not null,
	FIRED_TIME int8 not null,
	PRIORITY int not null,
	STATE varchar(16) not null,
	JOB_NAME varchar(80),
	JOB_GROUP varchar(80),
	IS_STATEFUL boolean,
	REQUESTS_RECOVERY boolean
)
extent size 16 next size 16
lock mode row;

create table QUARTZ_SCHEDULER_STATE (
	INSTANCE_NAME varchar(80) not null primary key,
	LAST_CHECKIN_TIME int8 not null,
	CHECKIN_INTERVAL int8 not null
)
extent size 16 next size 16
lock mode row;

create table QUARTZ_LOCKS (
	LOCK_NAME varchar(40) not null primary key
)
extent size 16 next size 16
lock mode row;



insert into QUARTZ_LOCKS values('TRIGGER_ACCESS');
insert into QUARTZ_LOCKS values('JOB_ACCESS');
insert into QUARTZ_LOCKS values('CALENDAR_ACCESS');
insert into QUARTZ_LOCKS values('STATE_ACCESS');
insert into QUARTZ_LOCKS values('MISFIRE_ACCESS');

create index IX_F7655CC3 on QUARTZ_TRIGGERS (NEXT_FIRE_TIME);
create index IX_9955EFB5 on QUARTZ_TRIGGERS (TRIGGER_STATE);
create index IX_8040C593 on QUARTZ_TRIGGERS (TRIGGER_STATE, NEXT_FIRE_TIME);
create index IX_804154AF on QUARTZ_FIRED_TRIGGERS (INSTANCE_NAME);
create index IX_BAB9A1F7 on QUARTZ_FIRED_TRIGGERS (JOB_GROUP);
create index IX_ADEE6A17 on QUARTZ_FIRED_TRIGGERS (JOB_NAME);
create index IX_64B194F2 on QUARTZ_FIRED_TRIGGERS (TRIGGER_GROUP);
create index IX_5FEABBC on QUARTZ_FIRED_TRIGGERS (TRIGGER_NAME);
create index IX_20D8706C on QUARTZ_FIRED_TRIGGERS (TRIGGER_NAME, TRIGGER_GROUP);




