<?xml version="1.0" encoding="UTF-8"?>
<!--  This is a sample of what is returned from the ASPX Stock Quote service -->
<string xmlns="http://www.webserviceX.NET/">
    <StockQuotes>
        <Stock>
            <Symbol>IBM</Symbol>
            <Last>82.38</Last>
            <Date>7/15/2005</Date>
            <Time>4:02pm</Time>
            <Change>-0.04</Change>
            <Open>82.43</Open>
            <High>82.75</High>
            <Low>81.52</Low>
            <Volume>7646600</Volume>
            <MktCap>132.9B</MktCap>
            <PreviousClose>82.42</PreviousClose>
            <PercentageChange>-0.05%</PercentageChange>
            <AnnRange>71.85 - 99.10</AnnRange>
            <Earns>5.001</Earns>
            <P-E>16.48</P-E>
            <Name>INTL BUSINESS MAC</Name>
        </Stock>
    </StockQuotes>
</string>
